composition,ref_ethnicity,ref_religion,household_ID,size,assigned_persons
1H-nA,M,C,3190,2,"[3389, 4499]"
1PA,O,C,765,1,[]
1FM-2C,M,C,3266,3,[]
1FM-0C,O,O,1968,2,[]
1FM-0C,O,C,2186,2,[]
1PE,W,J,394,1,[]
1FM-0C,M,NS,2335,2,[]
1PA,O,S,1160,1,[]
1FC-2C,M,NS,3790,3,[]
1PA,O,H,1675,1,[]
1PA,W,J,760,1,[8346]
1FE,A,H,1804,1,[]
1PE,B,O,411,1,[]
1PE,M,O,158,1,[]
1FC-2C,W,C,3888,3,"[1073, 1439, 9838]"
1FM-2C,W,C,3572,7,"[5578, 5452, 1368, 9214, 5239, 9260, 7517]"
1FC-nA,B,M,2919,4,[]
1FC-0C,W,S,2853,2,[]
1PA,O,H,1685,1,[]
1PA,O,J,890,1,[]
1FM-0C,O,C,2133,2,[]
1FC-2C,M,S,3862,3,[]
1H-2C,M,O,4203,2,[]
1PA,M,S,1000,1,[]
1PA,O,O,1698,1,[]
1FL-2C,O,J,4114,2,[]
1FM-2C,O,C,3390,3,[]
1PA,O,S,1427,1,[]
1FM-0C,B,B,2081,2,[]
1PA,W,C,677,1,[7044]
1PA,O,O,808,1,[]
1PA,O,H,1715,1,[]
1PE,M,O,562,1,[]
1FM-2C,M,H,3606,3,[]
1PE,W,O,299,1,[]
1PE,M,O,309,1,[]
1H-nA,M,C,3034,1,[6226]
1PE,B,N,531,1,[]
1PA,W,H,681,1,[3271]
1H-2C,B,NS,4214,2,[]
1FM-0C,M,O,1903,2,[]
1PE,M,O,239,1,[]
1PE,A,O,152,1,[]
1FM-2C,M,C,3612,3,[]
1FM-0C,B,NS,2035,2,[]
1PE,O,C,180,1,[]
1FC-0C,M,NS,2544,2,[]
1H-nA,O,M,3167,3,"[7264, 167, 6081]"
1PE,B,NS,189,1,[]
1FM-2C,A,N,3264,4,"[912, 7217, 3998, 6943]"
1PE,W,C,506,1,[1813]
1FM-2C,M,J,3493,3,[]
1FC-0C,M,C,2633,2,[]
1PE,M,C,110,1,[]
1FE,M,C,1776,3,[]
1PA,M,S,1660,1,[]
1PE,M,B,97,1,[]
1FC-2C,O,C,3892,3,[]
1PA,W,O,1229,1,[1590]
1PA,M,NS,1208,1,[]
1PA,O,J,830,1,[]
1PA,O,H,872,1,[]
1PA,A,H,747,1,[6557]
1PA,A,C,1539,1,[6941]
1FL-2C,M,NS,3996,3,[]
1PE,M,C,491,1,[]
1H-nA,M,C,3122,2,"[10784, 2763]"
1FE,M,C,1771,2,[]
1FC-0C,M,C,2457,2,[]
1PA,M,S,832,1,[]
1FC-0C,A,C,2484,2,"[8445, 4300]"
1PE,O,O,221,1,[]
1PA,W,M,1506,1,[6192]
1FE,O,C,1742,4,[]
1PA,O,O,1396,1,[]
1H-nA,W,NS,3067,3,"[7881, 1315, 10443]"
1FM-0C,M,C,2120,2,[]
1PA,W,O,791,1,[4961]
1FC-2C,W,NS,3780,6,"[8478, 350, 6593, 6165, 7132, 752]"
1FM-2C,O,H,3336,4,[]
1FM-2C,M,J,3221,4,[]
1PE,M,O,275,1,[]
1PA,M,H,1264,1,[]
1PA,W,S,1095,1,[3458]
1FM-2C,W,C,3551,3,"[9014, 10493, 5231]"
1PA,W,O,810,1,[3099]
1FC-0C,M,B,2604,2,[]
1PE,W,S,367,1,[2392]
1FM-nA,M,O,2381,3,[]
1FM-2C,W,B,3401,4,"[7897, 2206, 8209, 9117]"
1FM-nA,O,B,2393,3,[]
1PE,B,NS,150,1,[]
1PE,O,B,185,1,[]
1PA,M,C,799,1,[565]
1FM-0C,M,C,1989,2,[]
1PE,B,N,439,1,[]
1FM-0C,A,NS,1916,2,[]
1FL-2C,M,NS,4142,4,[]
1H-nA,M,H,3029,3,"[1341, 3138, 1125]"
1FM-2C,M,J,3509,4,[]
1FE,B,O,1833,5,[]
1FM-nA,M,NS,2412,3,[]
1PE,A,O,167,1,[]
1PE,M,C,556,1,[]
1PE,B,C,297,1,[]
1FM-0C,O,C,2347,2,[]
1FC-2C,M,O,3880,5,[]
1PA,O,O,1243,1,[]
1PA,M,O,1357,1,[]
1FC-0C,O,H,2625,2,[]
1PA,M,S,1689,1,[]
1PA,A,H,606,1,[3345]
1FM-2C,M,J,3713,3,[]
1PA,B,C,1511,1,[10112]
1PE,O,C,151,1,[]
1FC-0C,B,NS,2580,2,[]
1FM-2C,O,O,3550,3,[]
1FM-0C,O,NS,2098,2,[]
1PE,B,H,306,1,[]
1PA,M,J,1164,1,[]
1PE,O,H,319,1,[]
1PE,W,H,85,1,[2508]
1FM-2C,B,M,3671,4,[]
1FE,M,M,1757,1,[]
1PE,B,B,498,1,[]
1FM-2C,B,H,3604,4,[]
1FE,B,O,1796,4,[]
1PE,W,C,569,1,[7]
1FM-2C,O,C,3720,3,[]
1PE,O,M,315,1,[]
1PA,W,O,1457,1,[425]
1FC-0C,M,N,2681,2,"[9872, 3369]"
1H-nA,O,H,3066,3,"[7287, 10447, 6089]"
1FL-2C,W,H,4088,3,[]
1FC-2C,M,B,3897,3,[]
1FM-0C,O,C,2150,2,[]
1PA,M,C,1232,1,[8911]
1PA,M,O,597,1,[8013]
1PA,W,B,1484,1,[4926]
1FM-nA,A,H,2370,4,[]
1H-nA,B,O,3099,1,[10584]
1FM-2C,A,O,3580,3,[]
1PA,M,NS,1692,1,[]
1PA,B,J,1449,1,[]
1PE,M,NS,585,1,[]
1PA,O,H,1115,1,[]
1PE,M,C,495,1,[]
1PA,O,NS,1118,1,[]
1FE,O,NS,1865,2,[]
1PA,O,NS,889,1,[]
1FM-0C,M,N,2299,2,[]
1PE,A,O,316,1,[]
1PA,M,C,1483,1,[]
1PA,M,J,1378,1,[]
1FC-0C,B,NS,2670,2,[]
1FM-2C,W,B,3404,6,[]
1FC-0C,W,NS,2608,2,"[7999, 8883]"
1FM-0C,M,C,2154,2,[]
1FC-2C,O,H,3839,4,[]
1PA,A,O,622,1,[3649]
1PA,O,NS,599,1,[9487]
1PA,O,NS,619,1,[2827]
1FM-0C,A,O,2084,2,[]
1FC-0C,W,S,2502,2,"[6323, 8683]"
1PA,M,C,1265,1,[]
1FC-0C,O,C,2466,2,[]
1PA,M,O,1438,1,[]
1FM-2C,W,O,3229,3,[]
1PE,O,O,197,1,[]
1FL-2C,M,C,4029,5,[]
1PA,W,H,1069,1,[2221]
1FM-0C,M,NS,1979,2,[]
1FM-2C,M,C,3420,4,[]
1FM-2C,O,H,3666,4,[]
1PA,A,B,898,1,[8986]
1FM-2C,O,C,3280,4,[]
1FM-2C,O,C,3567,6,[]
1PE,M,H,469,1,[]
1PA,W,C,1492,1,[1068]
1FM-2C,B,B,3239,3,[]
1FC-0C,M,C,2453,2,[]
1PA,O,O,1007,1,[]
1FM-0C,O,B,2078,2,[]
1FM-2C,B,C,3416,3,[]
1PA,M,C,1516,1,[]
1PE,O,C,145,1,[]
1PA,O,NS,1379,1,[]
1FC-0C,O,N,2801,2,[]
1PA,A,NS,894,1,[3561]
1FC-0C,A,NS,2535,2,[]
1FC-2C,M,H,3771,3,[]
1FC-2C,M,N,3875,4,[]
1H-nA,B,J,3152,1,[1451]
1FL-2C,O,C,4144,5,[]
1PE,O,C,255,1,[]
1FM-2C,O,J,3269,4,[]
1FM-2C,B,O,3633,3,[]
1FC-0C,O,S,2836,2,[]
1H-nA,A,H,3107,1,[6585]
1PA,A,NS,1211,1,[8689]
1PA,O,O,1189,1,[]
1H-2C,W,S,4179,4,[101]
1FC-0C,A,NS,2821,2,[]
1FM-0C,M,S,2320,2,[]
1PA,W,O,788,1,[8765]
1FL-2C,B,H,4128,3,[]
1FL-2C,O,NS,3975,2,[]
1FM-2C,W,NS,3755,4,"[4637, 5149, 2918, 1019]"
1PE,O,M,18,1,[]
1PA,O,J,1177,1,[]
1PE,A,M,206,1,[2460]
1H-nA,A,C,3185,4,"[8902, 9969, 4595, 1026]"
1FM-0C,M,H,2303,2,[]
1PA,M,C,1481,1,[]
1FC-2C,A,NS,3882,3,[]
1PA,M,H,719,1,[]
1FL-2C,O,H,3984,4,[]
1FM-0C,O,C,2246,2,[]
1FC-0C,B,C,2615,2,[]
1PA,O,S,812,1,[]
1PE,A,NS,212,1,[]
1FM-0C,W,C,1965,2,"[4244, 5338]"
1PE,A,C,71,1,[5721]
1FM-2C,B,C,3559,4,[]
1FM-2C,O,C,3664,3,[]
1FC-2C,O,J,3845,3,[]
1PA,M,N,1500,1,[1687]
1PE,W,NS,34,1,[3091]
1PE,W,J,298,1,[]
1FM-2C,O,O,3396,3,[]
1PE,O,NS,9,1,[]
1FM-nA,A,C,2402,3,"[5234, 107, 6833]"
1FM-2C,O,NS,3732,4,[]
1PA,O,J,1052,1,[]
1PE,M,B,271,1,[]
1PA,M,M,961,1,[9709]
1PA,O,O,1583,1,[]
1PA,W,C,1428,1,[6803]
1PE,O,C,121,1,[]
1FM-2C,M,O,3438,4,[]
1PA,M,O,721,1,[]
1FM-0C,O,O,1897,2,[]
1PA,O,H,706,1,[]
1PE,M,O,176,1,[]
1FM-0C,W,C,2212,2,"[211, 9829]"
1PA,O,S,911,1,[]
1PA,W,O,603,1,[4241]
1PA,M,S,839,1,[]
1FC-0C,O,O,2527,2,[]
1FE,O,M,1766,2,[]
1H-2C,M,NS,4239,2,[]
1PA,O,M,806,1,[]
1FC-0C,M,O,2504,2,[]
1FC-0C,M,J,2499,2,[]
1FL-nA,B,M,2926,4,[10286]
1PA,M,H,1124,1,[]
1FM-0C,O,N,1993,2,[]
1PA,M,O,1004,1,[]
1FM-0C,M,C,2219,2,[]
1FE,M,S,1732,1,[]
1PA,M,H,1437,1,[]
1PA,B,H,1346,1,[]
1FC-0C,O,O,2465,2,[]
1PE,A,H,539,1,[]
1PA,O,H,756,1,[]
1PA,M,O,762,1,[]
1FM-nA,B,C,2426,3,[]
1PA,W,H,1554,1,[4776]
1PE,O,B,94,1,[]
1PA,M,N,804,1,[8331]
1PA,O,O,1261,1,[]
1PA,W,C,1162,1,[9112]
1PA,M,B,1179,1,[]
1PA,O,J,1616,1,[]
1FC-0C,A,NS,2908,2,[]
1FM-0C,W,C,2331,2,"[2637, 8784]"
1PA,A,B,1174,1,[]
1PE,M,H,352,1,[]
1PA,M,C,1025,1,[1155]
1FE,M,C,1768,1,[]
1H-nA,O,NS,3170,2,"[8936, 6523]"
1PA,O,O,643,1,[]
1PA,O,C,595,1,[4610]
1PA,O,M,1072,1,[]
1H-nA,M,C,3168,1,[4829]
1FM-0C,A,J,2211,2,[]
1PA,M,O,692,1,[]
1PA,B,C,1294,1,[6643]
1PA,B,C,1603,1,[8161]
1FM-nA,O,M,2406,3,[]
1PA,A,C,1165,1,[10088]
1FC-0C,A,H,2697,2,[]
1PA,B,H,1594,1,[]
1PE,M,O,70,1,[]
1H-nA,A,J,3086,1,[2207]
1FL-2C,M,J,4064,5,[]
1FM-2C,O,C,3442,4,[]
1PA,M,O,933,1,[]
1FM-2C,O,C,3498,7,[]
1FE,M,C,1779,2,[]
1FM-0C,O,J,2291,2,[]
1FM-2C,A,C,3553,3,"[7909, 6503, 5517]"
1PA,M,O,1323,1,[]
1PA,M,C,1002,1,[7047]
1H-nA,A,NS,3154,1,[8749]
1FC-nA,A,M,2910,4,"[6550, 3002, 2645, 1209]"
1FL-2C,M,C,4134,2,[]
1PA,W,J,857,1,[5958]
1H-nA,B,S,3195,4,"[3776, 6494, 2846, 5194]"
1FM-2C,O,S,3425,4,[]
1FL-2C,W,S,4034,4,"[2954, 1795, 9599, 6790]"
1PA,M,S,1258,1,[]
1FM-0C,W,M,2165,2,"[525, 4772]"
1PE,O,NS,62,1,[]
1FM-0C,O,N,1908,2,[]
1FC-0C,M,N,2857,2,"[6717, 6555]"
1PA,B,O,651,1,[]
1FM-2C,M,N,3308,3,[]
1FC-0C,B,C,2722,2,[]
1PA,M,H,1043,1,[]
1PE,A,H,15,1,[]
1FC-0C,M,C,2828,2,[]
1FM-0C,M,C,2005,2,[]
1H-nA,M,NS,3040,5,"[9585, 1401, 5321, 5071, 7869]"
1PA,M,M,1504,1,[10722]
1PA,A,O,1695,1,[]
1PA,A,H,880,1,[3842]
1FC-2C,B,O,3810,5,[]
1PE,O,NS,545,1,[]
1FC-2C,A,N,3828,4,"[2324, 6878, 6483, 1927]"
1FC-0C,W,H,2749,2,[]
1PA,A,J,1488,1,[]
1FE,B,NS,1778,2,[]
1FC-0C,B,C,2689,2,[]
1FM-nA,M,S,2382,3,[]
1PA,M,C,1289,1,[]
1FM-2C,O,O,3270,3,[]
1PA,O,C,1564,1,[]
1PE,O,NS,52,1,[]
1FL-2C,W,O,3995,2,[]
1FC-0C,A,C,2623,2,"[103, 2687]"
1H-nA,M,J,3138,3,"[5237, 5938, 1405]"
1FM-0C,M,S,2282,2,[]
1FM-0C,M,NS,2313,2,[]
1H-nA,A,S,3212,1,[7453]
1FC-0C,B,N,2701,2,"[1520, 3031]"
1FE,M,H,1868,1,[]
1FC-0C,B,C,2601,2,[]
1FC-0C,A,C,2590,2,"[4911, 1241]"
1FC-0C,M,N,2751,2,"[10359, 9058]"
1FC-0C,B,O,2677,2,[]
1PA,A,C,1551,1,[9996]
1PE,O,O,433,1,[]
1PA,M,J,1452,1,[]
1PA,B,O,752,1,[]
1PA,W,O,1214,1,[4484]
1FC-2C,M,C,3915,4,[]
1FC-0C,O,S,2664,2,[]
1PA,A,N,735,1,[1820]
1FL-2C,O,C,4052,2,[]
1FM-0C,M,C,2293,2,[]
1PE,W,C,133,1,[1173]
1FL-nA,M,C,2933,2,[]
1PA,O,N,1175,1,[6980]
1FM-0C,O,N,2345,2,[]
1FM-2C,A,NS,3381,3,[]
1FC-2C,W,O,3857,3,[]
1PA,B,B,1433,1,[]
1FM-2C,W,N,3329,3,"[10832, 1465, 5294]"
1PA,M,N,1718,1,[2564]
1FC-0C,O,C,2592,2,[]
1H-2C,W,O,4176,2,[]
1PA,O,S,1432,1,[]
1FC-0C,A,O,2597,2,[]
1FC-2C,O,C,3819,4,[]
1PA,M,S,1033,1,[]
1FE,M,N,1721,4,[]
1FM-2C,A,M,3375,5,"[252, 4775, 6327, 3316, 7767]"
1FE,O,C,1755,2,[]
1PA,O,H,1593,1,[]
1FC-2C,M,O,3814,4,[]
1FL-2C,A,O,4068,2,[]
1PE,M,O,331,1,[]
1FM-2C,A,NS,3689,6,[]
1PA,O,C,1671,1,[]
1PA,O,B,1201,1,[]
1FM-2C,A,NS,3403,3,[]
1PE,O,J,135,1,[]
1FC-0C,W,C,2526,2,"[3688, 3775]"
1PA,M,O,1290,1,[]
1FC-0C,M,O,2565,2,[]
1PA,B,C,1508,1,[7656]
1FM-0C,M,C,1905,2,[]
1FM-0C,O,N,1966,2,[]
1PE,W,J,458,1,[]
1FM-0C,W,O,1958,2,[]
1PA,W,O,818,1,[5219]
1FL-nA,A,O,2963,3,[]
1PE,W,H,33,1,[9183]
1FM-2C,W,M,3440,4,"[6036, 9267, 10617, 8778]"
1FM-2C,W,O,3415,3,[]
1FM-nA,A,NS,2379,3,[]
1FC-0C,M,C,2866,2,[]
1FM-2C,M,J,3320,3,[]
1PA,O,B,1371,1,[]
1FC-0C,W,J,2723,2,[]
1PE,M,N,415,1,[]
1FM-2C,O,S,3230,3,[]
1PA,B,M,1589,1,[7504]
1FC-2C,A,O,3904,3,[]
1FL-2C,A,O,4020,2,[]
1FM-2C,M,NS,3258,4,[]
1FE,O,NS,1730,3,[]
1FC-2C,O,H,3914,3,[]
1PA,A,O,691,1,[7183]
1PA,O,O,1139,1,[]
1FE,W,J,1877,2,[]
1PA,O,O,1591,1,[]
1FL-2C,A,NS,4132,4,[]
1PA,O,C,684,1,[]
1PE,B,B,230,1,[]
1FL-nA,M,C,2979,2,[]
1FC-0C,B,NS,2667,2,[]
1H-nA,A,N,3130,2,"[2739, 5676]"
1PA,O,O,683,1,[]
1FC-2C,M,C,3912,3,[]
1PE,M,J,171,1,[]
1FM-nA,M,S,2358,5,[]
1PE,M,H,24,1,[]
1PE,O,O,372,1,[]
1FM-2C,O,H,3637,3,[]
1PA,M,J,1414,1,[]
1PA,M,M,1676,1,[]
1PA,M,N,1019,1,[7974]
1FL-nA,M,O,2943,4,[]
1H-nA,M,N,3071,1,[10752]
1PE,W,C,409,1,[8844]
1PA,W,H,644,1,[8216]
1H-2C,O,C,4173,2,[]
1FM-2C,B,M,3528,4,[]
1PE,M,S,464,1,[]
1FM-0C,O,S,2270,2,[]
1PA,A,C,870,1,[3667]
1H-nA,W,C,3133,2,"[4877, 657]"
1FM-2C,O,J,3277,3,[]
1FM-0C,W,O,2058,2,[]
1PA,M,J,1300,1,[]
1PE,W,C,46,1,[2558]
1FL-nA,M,N,2980,4,"[4059, 10413, 10846, 7104]"
1FM-0C,A,N,2253,2,"[4229, 4226]"
1PE,W,N,512,1,[1331]
1PE,A,S,44,1,[]
1FM-2C,M,NS,3412,8,[]
1H-nA,O,C,3169,4,"[8, 6246, 8645, 3593]"
1FC-0C,A,O,2584,2,[]
1FC-0C,O,C,2506,2,[]
1PA,M,J,1181,1,[]
1PA,B,O,801,1,[]
1PA,O,C,1105,1,[]
1PE,A,J,507,1,[]
1PA,M,S,1610,1,[]
1PE,W,C,252,1,[5950]
1PA,A,H,1314,1,[1803]
1FM-0C,M,C,2172,2,[]
1FC-0C,M,S,2888,2,[]
1PA,O,S,1570,1,[]
1PA,M,C,1498,1,[]
1PE,B,C,472,1,[]
1FM-2C,O,H,3537,4,[]
1PA,M,H,1533,1,[]
1PE,M,J,326,1,[]
1FM-0C,A,B,2259,2,[]
1H-nA,B,S,3175,3,"[117, 5369, 9525]"
1FM-nA,M,C,2380,6,[]
1FC-0C,O,NS,2631,2,[]
1FC-2C,O,M,3887,3,[]
1FM-0C,M,C,2091,2,[]
1PA,A,M,970,1,[7411]
1H-2C,O,J,4148,2,[]
1H-nA,M,S,3140,2,"[2670, 8242]"
1FM-0C,A,NS,1919,2,[]
1PA,O,J,1089,1,[]
1PA,A,O,882,1,[]
1FC-0C,O,H,2650,2,[]
1FE,O,O,1813,1,[]
1FC-2C,B,J,3813,6,[]
1FM-0C,M,NS,2094,2,[]
1PA,M,C,916,1,[4899]
1PE,M,NS,310,1,[]
1FM-nA,O,C,2442,3,[]
1H-nA,W,C,3131,1,[9992]
1FM-0C,M,N,2108,2,[]
1PA,A,C,1514,1,[766]
1FC-0C,M,O,2655,2,[]
1FC-2C,O,C,3760,3,[]
1FL-2C,B,C,4042,4,[]
1PE,B,C,100,1,[1747]
1PA,M,H,1150,1,[]
1FM-2C,O,C,3748,3,[]
1FM-0C,M,C,1911,2,[]
1H-nS,M,C,2999,1,[4165]
1FC-0C,M,NS,2634,2,[]
1FM-0C,M,O,1967,2,[]
1PA,W,S,600,1,[10207]
1PA,A,M,1023,1,[4821]
1PA,A,O,1540,1,[]
1FC-2C,B,J,3769,5,[]
1PE,M,H,462,1,[]
1PA,B,C,1538,1,[3712]
1FC-0C,W,C,2624,2,"[8603, 10153]"
1PE,M,O,496,1,[]
1FM-2C,M,B,3494,4,[]
1FM-2C,O,J,3660,3,[]
1PA,A,M,1352,1,[2414]
1PE,B,M,502,1,[]
1FM-nA,A,O,2357,3,[]
1FM-2C,O,O,3592,4,[]
1H-2C,A,H,4218,2,[]
1FC-2C,O,H,3795,3,[]
1PA,O,S,1644,1,[]
1PA,A,N,909,1,[2404]
1PA,B,C,866,1,[5652]
1FC-0C,M,H,2639,2,[]
1PE,O,M,175,1,[]
1PE,M,NS,218,1,[]
1PE,B,J,552,1,[]
1PA,W,N,1394,1,[1316]
1FC-2C,M,S,3926,3,[]
1PA,M,NS,1499,1,[]
1FM-0C,A,N,1946,2,"[8694, 2173]"
1FM-nA,M,C,2375,3,[]
1FM-0C,M,M,2183,2,[]
1FC-0C,W,O,2845,2,[]
1FM-0C,O,S,1973,2,[]
1FM-2C,A,B,3517,4,[]
1PE,B,NS,157,1,[]
1FM-0C,O,C,2239,2,[]
1FE,B,O,1789,1,[]
1FC-0C,M,NS,2678,2,[]
1PA,O,S,1362,1,[]
1FM-0C,M,J,2119,2,[]
1PA,A,C,1282,1,[6895]
1PE,W,C,96,1,[1756]
1PA,M,B,1097,1,[]
1PE,W,O,241,1,[]
1FC-nA,A,C,2914,4,"[1553, 155, 3210, 6781]"
1PA,W,O,1222,1,[7741]
1FC-2C,M,C,3783,4,[]
1FM-0C,O,NS,2026,2,[]
1FE,B,O,1860,1,[]
1PE,W,O,466,1,[]
1FC-0C,A,O,2818,2,[]
1FL-2C,O,C,3983,3,[]
1PA,W,B,1335,1,[453]
1FM-2C,O,N,3665,3,[]
1FL-2C,M,S,4013,2,[]
1PA,M,C,656,1,[1811]
1FC-2C,M,C,3809,5,[]
1PE,B,C,577,1,[]
1FE,M,M,1872,2,[]
1PE,M,O,178,1,[]
1FM-0C,O,C,2243,2,[]
1PA,W,O,1581,1,[3772]
1FL-2C,W,M,4140,2,"[7951, 3799]"
1FM-2C,O,O,3352,6,[]
1FC-0C,M,C,2576,2,[]
1H-2C,A,S,4158,4,[]
1PE,W,O,74,1,[9015]
1FM-2C,M,C,3698,4,[]
1FM-0C,M,C,1996,2,[]
1FE,M,M,1748,1,[]
1PA,M,C,1653,1,[]
1PA,B,M,1534,1,[184]
1FL-2C,B,H,4006,4,[]
1FM-0C,M,NS,2025,2,[]
1H-nA,W,B,3204,3,"[5875, 53, 8754]"
1PE,M,O,53,1,[]
1PE,M,C,403,1,[]
1PA,O,J,734,1,[]
1PE,M,O,437,1,[]
1PA,W,S,1217,1,[7542]
1FM-2C,M,B,3575,3,[]
1PE,O,C,565,1,[]
1PA,M,N,1489,1,[3624]
1PE,M,S,27,1,[]
1PA,A,O,1221,1,[]
1PE,M,H,215,1,[]
1H-2C,M,C,4185,2,[]
1FM-2C,B,M,3632,4,[]
1FL-2C,O,B,4126,8,[]
1PA,W,J,1226,1,[]
1FE,O,S,1808,2,[]
1PA,M,H,694,1,[]
1FM-2C,B,O,3621,4,[]
1FC-0C,W,H,2458,2,"[9612, 7162]"
1FC-0C,M,O,2665,2,[]
1PE,W,NS,322,1,[2419]
1PA,W,NS,1567,1,[3349]
1FM-0C,A,N,2338,2,"[4417, 7448]"
1FM-2C,W,NS,3756,3,"[2456, 2, 2365]"
1PA,W,C,1523,1,[9013]
1PA,M,N,844,1,[1918]
1FM-2C,O,S,3402,3,[]
1PE,O,C,528,1,[]
1FC-0C,W,C,2668,2,"[2828, 9548]"
1FL-2C,O,J,4073,2,[]
1FC-0C,M,NS,2657,2,[]
1PA,M,O,1510,1,[]
1PE,M,C,45,1,[]
1FM-0C,O,N,1899,2,[]
1FC-0C,A,M,2489,2,"[2317, 10716]"
1PA,W,NS,938,1,[1322]
1PE,M,S,355,1,[]
1FC-0C,W,H,2699,2,[]
1FM-2C,O,NS,3467,4,[]
1PA,O,C,1612,1,[]
1FC-0C,M,J,2662,2,[]
1FL-2C,O,NS,4119,3,[]
1PA,O,J,1076,1,[]
1PE,O,S,535,1,[]
1FM-2C,B,NS,3610,8,[]
1PA,O,C,1190,1,[]
1H-nA,M,C,3112,2,"[448, 1778]"
1PE,O,O,257,1,[]
1PA,M,C,858,1,[4728]
1FE,M,C,1881,2,[]
1FM-0C,B,O,2277,2,[]
1FC-0C,M,C,2811,2,[]
1FL-nA,O,O,2998,2,[]
1PA,A,S,1418,1,[]
1FE,O,O,1784,2,[]
1H-nA,A,J,3173,2,"[2281, 8894]"
1H-2C,M,O,4206,2,[]
1PE,O,C,292,1,[]
1FM-nA,W,O,2432,4,[]
1PA,M,O,786,1,[]
1PA,M,C,1573,1,[]
1FC-0C,B,C,2644,2,[]
1FM-nA,M,H,2373,4,[]
1FM-0C,O,S,2322,2,[]
1PE,A,J,264,1,[]
1FE,O,M,1873,1,[]
1H-nE,O,M,3014,1,[2378]
1PA,M,S,671,1,[10732]
1FL-2C,B,H,4097,2,[]
1PE,O,C,57,1,[8422]
1FM-2C,W,N,3249,3,"[9219, 3446, 2622]"
1FC-0C,O,H,2820,2,[]
1PA,M,O,1026,1,[]
1PA,O,O,795,1,[]
1FM-0C,O,O,2136,2,[]
1PA,W,C,803,1,[3585]
1PA,W,NS,1075,1,[1180]
1H-nA,W,N,3201,2,"[2625, 2580]"
1FC-0C,A,H,2518,2,[]
1FM-0C,M,O,2222,2,[]
1PA,O,NS,1648,1,[]
1FE,M,O,1887,1,[]
1FE,M,M,1781,3,[]
1PA,M,S,950,1,[]
1PE,A,S,13,1,[]
1PA,W,N,811,1,[8543]
1PE,M,B,323,1,[]
1PA,M,O,1186,1,[]
1FC-2C,O,C,3840,4,[]
1FM-2C,M,O,3251,6,[]
1FM-2C,M,J,3450,3,[]
1FL-2C,W,NS,3978,2,"[9224, 4191]"
1FM-2C,O,C,3400,3,[]
1FM-2C,M,C,3718,3,[]
1PA,B,O,1341,1,[]
1PA,M,B,745,1,[]
1FM-nA,A,O,2405,4,[]
1FC-0C,M,N,2826,2,"[5954, 5048]"
1FM-2C,M,O,3746,3,[]
1FM-0C,B,NS,2177,2,[]
1FM-2C,O,O,3705,4,[]
1PA,O,C,1111,1,[]
1FL-2C,M,M,4028,3,[]
1PE,B,NS,417,1,[]
1PA,M,NS,1468,1,[]
1FM-nA,A,C,2368,6,"[7170, 3107, 1783, 8277, 8956, 1128]"
1PE,B,N,228,1,[8598]
1PA,M,H,1399,1,[]
1FL-nA,O,C,2987,4,[]
1FM-0C,W,N,2113,2,"[5715, 9358]"
1FC-2C,M,O,3816,4,[]
1FC-0C,B,NS,2831,2,[]
1PA,W,J,1601,1,[]
1FM-nA,B,O,2360,3,[]
1FM-2C,M,NS,3271,3,[]
1FC-0C,A,NS,2548,2,[]
1FC-2C,W,S,3851,3,[]
1PE,W,N,184,1,[196]
1FL-nA,M,C,2982,2,[]
1H-nA,A,C,3079,2,"[8271, 9420]"
1PE,O,O,487,1,[]
1FC-2C,W,O,3876,3,[]
1FM-2C,M,S,3380,3,[]
1PA,M,C,1719,1,[]
1PE,M,C,140,1,[]
1PA,B,C,863,1,[1028]
1FM-0C,M,O,2300,2,[]
1PE,A,C,267,1,[4192]
1FL-2C,B,B,4033,3,[]
1FM-2C,A,B,3533,3,[]
1PE,O,J,64,1,[]
1FE,M,S,1845,1,[]
1FC-0C,A,C,2562,2,"[5087, 7704]"
1FC-0C,A,M,2690,2,"[2824, 840]"
1FC-2C,O,NS,3916,4,[]
1FM-0C,B,O,1974,2,[]
1FE,W,C,1847,4,"[6709, 1294, 2144, 10699]"
1FC-0C,A,O,2529,2,[]
1FE,W,C,1823,3,"[8578, 5710, 6475]"
1PA,B,O,1422,1,[]
1PA,M,O,1299,1,[]
1FL-2C,O,J,3987,2,[]
1FL-2C,M,M,3980,2,[]
1PA,M,B,1147,1,[]
1FM-0C,W,J,1892,2,[]
1FM-0C,M,C,2269,2,[]
1PA,B,J,732,1,[]
1FM-0C,M,C,2321,2,[]
1PA,W,C,1403,1,[3103]
1PA,O,O,1273,1,[]
1PE,W,O,280,1,[]
1FE,M,C,1752,1,[]
1FC-2C,O,O,3782,3,[]
1PA,W,O,1622,1,[]
1PE,A,O,359,1,[]
1H-nA,O,C,3113,2,"[8316, 10138]"
1PE,O,NS,300,1,[]
1PA,M,H,1475,1,[]
1PA,A,J,1259,1,[]
1PA,A,N,1053,1,[1217]
1PA,A,O,1553,1,[]
1PA,O,NS,1658,1,[]
1FM-2C,A,B,3525,3,[]
1PE,M,H,416,1,[]
1FM-0C,W,O,2349,2,[]
1FM-2C,M,C,3215,3,[]
1FM-2C,M,C,3461,5,[]
1PA,M,C,1234,1,[2474]
1FC-0C,O,NS,2733,2,[]
1FM-2C,O,C,3363,5,[]
1PA,M,O,1310,1,[]
1FM-2C,A,C,3298,6,"[8687, 9464, 7925, 2111, 8995, 467]"
1PA,A,S,1316,1,[]
1FM-2C,M,H,3310,4,[]
1H-nA,M,O,3057,2,"[10368, 7787]"
1FM-2C,O,N,3361,6,[]
1FM-0C,W,H,2124,2,[]
1FC-0C,A,B,2476,2,[]
1FM-0C,W,C,2168,2,"[10834, 9922]"
1PA,M,N,1363,1,[5266]
1H-nA,B,M,3156,1,[4103]
1PE,O,O,59,1,[]
1PE,M,O,77,1,[]
1PE,M,NS,369,1,[]
1PA,O,C,1131,1,[]
1FM-0C,W,O,1980,2,[]
1FM-0C,M,NS,2145,2,[]
1FM-2C,A,J,3477,5,[]
1FM-0C,M,NS,2289,2,[]
1FC-2C,M,NS,3794,4,[]
1FC-0C,O,C,2556,2,[]
1PA,M,H,965,1,[]
1FC-2C,A,N,3881,4,"[3430, 1226, 8562, 7251]"
1FM-2C,M,J,3674,3,[]
1PA,W,H,908,1,[6547]
1FC-0C,W,NS,2551,2,"[7336, 8522]"
1FC-0C,M,C,2635,2,[]
1PE,A,O,125,1,[]
1FE,B,C,1780,1,[]
1FM-0C,O,O,2340,2,[]
1FC-0C,O,B,2568,2,[]
1FL-2C,M,J,3941,3,[]
1FM-0C,O,O,2012,2,[]
1PE,A,B,430,1,[]
1FE,O,S,1731,1,[]
1PA,B,C,666,1,[7229]
1PA,M,C,1030,1,[1490]
1PA,M,O,1321,1,[]
1FM-2C,O,O,3519,3,[]
1PA,O,NS,1028,1,[]
1PE,A,NS,443,1,[]
1PA,B,NS,1193,1,[]
1FE,B,H,1741,3,[]
1PE,M,NS,434,1,[]
1FM-0C,M,N,2173,2,[]
1PE,B,B,388,1,[]
1PE,A,J,31,1,[]
1PA,W,N,1205,1,[5885]
1PE,A,H,204,1,[]
1PA,M,NS,1062,1,[]
1H-2C,B,NS,4231,2,[]
1PA,A,C,1651,1,[6262]
1H-2C,W,NS,4161,2,"[5766, 2549]"
1PE,A,O,325,1,[]
1FM-2C,M,C,3564,4,[]
1H-2C,B,S,4171,2,[]
1FM-0C,O,N,2185,2,[]
1FM-2C,B,C,3656,3,[]
1PE,O,S,479,1,[]
1PE,O,O,427,1,[]
1FM-nA,O,C,2418,3,[]
1PE,M,J,444,1,[]
1FC-2C,M,O,3899,3,[]
1PA,O,S,669,1,[2863]
1PA,W,H,1085,1,[3788]
1H-nA,M,J,3166,2,"[1976, 8414]"
1PA,W,NS,1445,1,[3907]
1PE,M,O,193,1,[]
1PE,O,M,568,1,[]
1FE,O,O,1761,2,[]
1PA,M,M,1176,1,[604]
1PE,O,O,7,1,[]
1FC-2C,O,C,3777,4,[]
1PE,W,H,440,1,[]
1PE,W,NS,290,1,[9196]
1PA,W,S,1236,1,[8837]
1FC-2C,W,O,3856,4,[]
1FM-0C,W,N,2092,2,"[7473, 1913]"
1FC-0C,A,H,2460,2,[]
1H-nA,M,H,3160,4,"[1106, 10636, 5178, 2898]"
1PA,O,NS,1324,1,[]
1FC-2C,A,S,3766,3,[]
1H-nA,M,NS,3128,1,[8107]
1FM-0C,O,C,2224,2,[]
1FC-0C,W,C,2578,2,"[7872, 221]"
1FM-2C,M,C,3631,4,[]
1FC-2C,W,NS,3762,3,"[168, 6160, 10633]"
1H-nA,W,C,3043,1,[5440]
1FE,M,C,1821,5,[]
1PE,M,M,195,1,[]
1PE,O,O,451,1,[]
1H-2C,B,B,4213,4,[]
1FM-0C,O,NS,1910,2,[]
1PA,A,C,1351,1,[2431]
1PE,M,O,30,1,[]
1FC-2C,B,C,3920,3,[]
1FE,A,H,1843,1,[]
1FM-2C,O,C,3615,4,[]
1FC-0C,B,C,2887,2,[]
1H-2C,W,C,4212,2,"[5070, 9034]"
1FM-2C,M,C,3708,3,[]
1FC-0C,O,J,2790,2,[]
1FM-2C,M,C,3254,4,[]
1FL-2C,M,C,3948,2,[]
1PA,O,J,1262,1,[]
1FC-2C,M,S,3873,5,[]
1FL-2C,M,O,4070,2,[]
1PA,M,NS,1035,1,[]
1FL-2C,W,H,4023,2,"[9372, 2899]"
1FC-2C,A,S,3829,3,[]
1PE,B,O,223,1,[]
1PA,O,N,1599,1,[]
1PA,O,B,1065,1,[]
1PE,M,M,574,1,[]
1FL-2C,W,O,3930,3,[]
1FM-2C,W,C,3725,3,"[2697, 2233, 4971]"
1PA,M,NS,813,1,[2877]
1FE,M,C,1870,1,[]
1FM-0C,M,O,2118,2,[]
1FL-2C,B,NS,4044,3,[]
1FC-0C,B,M,2882,2,"[1780, 5907]"
1FM-0C,O,C,2203,2,[]
1PE,B,C,81,1,[1177]
1PE,W,O,258,1,[]
1PE,O,C,296,1,[]
1FC-0C,A,C,2515,2,"[8448, 5593]"
1FM-0C,A,H,1939,2,[]
1FM-nA,M,C,2417,4,[]
1PA,M,J,1039,1,[]
1H-nA,O,O,3159,5,"[10254, 1382, 5590, 8648, 2914]"
1FL-2C,M,N,4141,2,[]
1FM-2C,W,O,3287,5,[]
1FM-0C,A,O,2043,2,[]
1PA,O,C,904,1,[]
1FC-2C,W,C,3879,3,"[1751, 488, 3755]"
1FL-nA,A,M,2981,3,"[9223, 8929, 10063]"
1FC-0C,B,C,2563,2,"[7779, 5427]"
1PE,O,NS,377,1,[]
1PA,O,S,713,1,[]
1FM-2C,M,N,3659,3,[]
1PA,W,N,1614,1,[8712]
1PA,A,C,1114,1,[5210]
1FE,M,O,1831,4,[]
1PA,W,C,843,1,[6594]
1PA,M,NS,959,1,[]
1PE,M,O,450,1,[]
1PA,O,C,1451,1,[]
1FC-0C,M,O,2808,2,[]
1FM-2C,M,J,3318,4,[]
1FC-2C,A,J,3855,4,[]
1FM-2C,M,B,3253,5,[]
1PA,M,C,655,1,[1501]
1FC-0C,A,O,2573,2,[]
1FC-0C,B,N,2528,2,"[784, 3930]"
1FC-0C,M,NS,2607,2,[]
1PA,W,NS,737,1,[3705]
1PA,A,NS,1408,1,[]
1FC-0C,A,C,2629,2,"[4552, 1387]"
1PE,B,C,412,1,[]
1H-2C,M,B,4215,2,[]
1FM-2C,A,S,3216,3,[]
1PA,M,O,1223,1,[]
1PA,M,H,1430,1,[]
1FE,A,O,1744,2,[]
1FM-0C,O,S,2304,2,[]
1PA,O,O,1074,1,[]
1FM-0C,B,C,2097,2,[]
1PA,O,NS,658,1,[8550]
1FC-0C,M,O,2575,2,[]
1H-nA,O,O,3044,2,"[1350, 2451]"
1FM-0C,M,C,2046,2,[]
1PA,O,C,991,1,[]
1FL-nA,M,H,2991,6,[]
1PE,O,C,431,1,[]
1FC-0C,M,H,2666,2,[]
1PA,B,NS,1048,1,[4530]
1PA,W,H,1045,1,[6964]
1FE,M,H,1838,1,[]
1PE,A,NS,153,1,[]
1PA,O,O,1613,1,[]
1FM-0C,B,C,1941,2,[]
1FM-2C,O,J,3337,4,[]
1PE,B,S,103,1,[]
1PA,W,C,979,1,[2453]
1FM-0C,W,C,2229,2,"[6125, 465]"
1H-2C,M,O,4229,4,[]
1PE,B,O,240,1,[]
1H-nA,W,C,3183,1,[10776]
1PA,O,B,1058,1,[]
1PE,B,J,109,1,[]
1FC-0C,M,H,2867,2,[]
1PA,W,O,1021,1,[9092]
1H-nA,B,C,3047,3,"[2395, 10265, 4386]"
1PA,A,C,1413,1,[10189]
1FM-2C,A,C,3259,6,"[8005, 7381, 9345, 1067, 6213, 299]"
1FM-2C,W,C,3594,3,"[4742, 7201, 7171]"
1PA,M,M,1129,1,[7834]
1FC-0C,O,O,2507,2,[]
1PA,M,C,1109,1,[10224]
1FL-nA,M,C,2965,2,[]
1PE,O,C,333,1,[]
1FM-2C,W,C,3683,4,"[6194, 7017, 8551, 8355]"
1PA,B,O,1042,1,[]
1PA,M,M,1056,1,[8838]
1PA,M,C,1057,1,[7284]
1FM-nA,B,J,2431,5,[]
1FC-0C,B,M,2824,2,"[4619, 1588]"
1PA,O,H,1117,1,[]
1FM-2C,O,C,3686,3,[]
1FC-0C,M,C,2708,2,[]
1FC-0C,B,C,2742,2,[]
1PA,B,NS,1269,1,[]
1PA,W,J,819,1,[4255]
1PA,B,C,1663,1,[2543]
1FL-2C,W,O,3973,3,[]
1FM-0C,M,C,2079,2,[]
1FM-0C,O,C,2248,2,[]
1PA,M,O,817,1,[]
1FM-0C,M,J,2294,2,[]
1FM-0C,M,M,2261,2,[]
1PA,O,O,777,1,[]
1FM-2C,M,C,3529,3,[]
1FM-2C,A,O,3740,3,[]
1FM-nA,M,J,2441,3,[]
1FC-0C,O,O,2516,2,[]
1PA,W,O,1345,1,[8644]
1FC-0C,W,H,2532,2,"[4884, 3765]"
1PA,O,NS,1367,1,[]
1H-nA,W,B,3214,2,"[1307, 3637]"
1PA,B,B,1375,1,[]
1FE,W,S,1883,1,[]
1FC-0C,A,C,2605,2,"[5116, 3370]"
1PA,M,H,1544,1,[]
1PA,A,NS,865,1,[1059]
1H-nA,O,C,3180,1,[9268]
1FL-2C,M,O,4049,2,[]
1PE,O,M,555,1,[]
1PA,O,O,1503,1,[]
1PA,M,O,1158,1,[]
1FL-2C,B,NS,4136,2,[]
1FM-nA,A,S,2421,4,[]
1FC-2C,A,C,3784,3,"[4881, 617, 301]"
1PA,A,O,1171,1,[]
1FM-2C,M,O,3526,5,[]
1FC-0C,B,O,2906,2,[]
1FM-2C,A,B,3505,4,[]
1FM-2C,O,B,3700,4,[]
1FE,M,C,1886,2,[]
1FM-0C,M,NS,2196,2,[]
1PE,W,C,291,1,[10188]
1PA,M,C,1107,1,[450]
1PA,O,H,1420,1,[]
1PA,A,H,867,1,[9710]
1PA,O,NS,753,1,[]
1FM-0C,B,H,2336,2,[]
1FM-2C,W,NS,3286,3,"[9021, 7016, 4885]"
1FM-0C,O,O,2023,2,[]
1FC-2C,W,H,3895,5,[]
1PA,O,NS,1502,1,[]
1H-2C,W,C,4170,2,"[7253, 533]"
1FM-2C,M,C,3661,4,[]
1FC-0C,O,NS,2495,2,[]
1PA,M,NS,1407,1,[]
1PA,O,M,730,1,[10778]
1PA,O,NS,1018,1,[]
1PA,M,B,1552,1,[]
1PA,M,B,1293,1,[]
1PA,B,H,913,1,[]
1PA,M,C,722,1,[4452]
1FM-0C,A,J,2116,2,[]
1PA,A,J,1256,1,[]
1FM-2C,A,NS,3365,5,[]
1PA,M,C,1279,1,[]
1FE,A,J,1753,4,[]
1FC-0C,M,C,2520,2,[]
1FC-0C,A,C,2883,2,"[9465, 9405]"
1FM-0C,A,NS,2324,2,[]
1H-nA,W,C,3017,3,"[4019, 2425, 2518]"
1PE,M,J,347,1,[]
1FC-0C,M,S,2880,2,[]
1FC-2C,B,NS,3835,4,[]
1PE,M,O,579,1,[]
1FM-2C,O,H,3614,3,[]
1FM-2C,M,B,3587,5,[]
1FM-0C,M,C,2016,2,[]
1FC-0C,M,B,2719,2,[]
1PA,M,C,1462,1,[]
1PE,W,N,179,1,[903]
1FM-2C,M,O,3510,4,[]
1FE,M,S,1851,1,[]
1FC-nA,A,J,2917,4,[]
1PA,O,M,1423,1,[]
1PA,O,C,605,1,[4704]
1FM-2C,M,H,3247,5,[]
1PE,W,N,26,1,[7569]
1FC-2C,M,S,3925,3,[]
1FC-2C,W,J,3804,4,[]
1H-2C,O,C,4221,2,[]
1PE,O,NS,174,1,[]
1FM-2C,O,O,3362,4,[]
1PE,W,M,332,1,[5123]
1PE,O,H,343,1,[]
1PA,M,O,1643,1,[]
1PE,M,C,480,1,[]
1PA,M,O,728,1,[]
1FE,A,B,1809,2,[]
1PA,O,O,977,1,[]
1FM-0C,W,NS,2030,2,"[4771, 5558]"
1PA,O,O,1546,1,[]
1FM-2C,M,C,3257,3,[]
1FE,A,O,1834,1,[]
1FM-2C,B,N,3736,3,[]
1PA,O,J,1412,1,[]
1FM-0C,O,C,2158,2,[]
1FC-0C,A,N,2637,2,"[10676, 3574]"
1PA,B,NS,1188,1,[]
1FM-0C,A,O,2298,2,[]
1H-nA,B,C,3092,1,[9254]
1FM-0C,O,C,2032,2,[]
1PE,A,S,68,1,[]
1PA,B,O,1163,1,[]
1PE,A,H,222,1,[]
1H-nA,M,N,3082,3,"[9404, 3702, 9425]"
1FE,W,O,1740,2,[]
1FM-2C,A,C,3410,4,"[393, 2128, 4196, 10302]"
1PE,O,M,89,1,[]
1FE,M,NS,1745,3,[]
1FL-2C,B,H,4120,3,[]
1H-nA,B,C,3117,1,[3937]
1FM-2C,B,S,3758,3,[]
1FL-2C,W,C,3949,6,"[8413, 3790, 9293, 1216, 2892, 4295]"
1FC-0C,O,H,2777,2,[]
1FM-2C,B,O,3489,3,[]
1FM-2C,M,C,3651,3,[]
1FL-nA,M,H,2949,4,[]
1FL-2C,A,O,3964,2,[]
1FM-2C,O,NS,3581,7,[]
1PA,O,NS,1187,1,[]
1FM-0C,O,H,2093,2,[]
1FM-0C,A,S,1930,2,[]
1FM-0C,B,O,2068,2,[]
1FE,W,C,1739,1,[6470]
1PA,O,H,1704,1,[]
1FM-0C,W,C,2155,2,"[91, 4957]"
1PE,O,NS,284,1,[]
1FE,M,NS,1815,2,[]
1FC-0C,B,O,2874,2,[]
1H-nS,A,NS,3002,2,"[6482, 8940]"
1FL-2C,A,H,4094,2,[]
1FM-0C,M,C,1953,2,[]
1FC-0C,O,O,2729,2,[]
1PA,W,C,1339,1,[8889]
1FE,M,N,1737,4,[]
1PE,M,C,424,1,[]
1FM-2C,B,J,3291,3,[]
1PA,O,C,1331,1,[]
1FL-nA,W,O,2992,4,[]
1PA,W,O,840,1,[4770]
1PE,M,NS,501,1,[]
1H-nA,M,J,3206,1,[4264]
1FM-0C,M,N,2054,2,[]
1PE,A,C,550,1,[5896]
1PE,A,O,558,1,[]
1PA,M,O,1557,1,[]
1FM-0C,W,H,2105,2,[]
1PE,W,O,219,1,[]
1FM-2C,B,C,3383,3,[]
1PE,M,H,210,1,[]
1PA,B,B,1642,1,[]
1H-nA,M,B,3103,1,[8384]
1FM-2C,M,NS,3730,3,[]
1FC-0C,W,J,2586,2,[]
1PA,B,C,949,1,[9312]
1PA,O,C,1322,1,[]
1PE,O,O,533,1,[]
1FL-nA,O,C,2985,2,[]
1FM-2C,W,O,3435,3,[]
1FM-2C,O,O,3234,3,[]
1FL-2C,M,C,4054,3,[]
1FL-2C,W,O,3955,5,[]
1FL-2C,O,J,4092,2,[]
1FM-2C,M,N,3468,3,[]
1PE,M,B,1,1,[]
1FC-0C,M,NS,2823,2,[]
1H-2C,O,NS,4157,3,[]
1FC-0C,O,NS,2541,2,[]
1FC-0C,M,C,2546,2,[]
1FL-2C,B,O,3958,2,[]
1PE,B,C,248,1,[8497]
1H-nA,A,O,3077,1,[10517]
1FE,M,O,1733,1,[]
1H-nA,A,J,3143,1,[6377]
1FC-0C,A,O,2632,2,[]
1H-2C,A,C,4165,4,"[9598, 10262, 2969, 3109]"
1H-nA,M,J,3126,6,"[59, 34, 3419, 8300, 7393, 10600]"
1FC-0C,B,N,2485,2,"[1540, 8773]"
1FL-2C,A,N,3943,3,"[4149, 9439, 3539]"
1FM-0C,A,S,2223,2,[]
1FM-2C,O,O,3514,7,[]
1FM-2C,O,C,3272,4,[]
1FC-2C,M,J,3787,6,[]
1FM-0C,M,C,2180,2,[]
1PE,A,H,279,1,[]
1PA,A,J,953,1,[]
1H-2C,B,C,4228,2,[]
1FC-0C,O,O,2841,2,[]
1FM-2C,M,NS,3478,3,[]
1FM-0C,W,O,2285,2,[]
1FC-0C,B,C,2779,2,[]
1FC-2C,O,M,3818,3,[]
1FC-2C,W,B,3896,4,"[9742, 6894, 7270, 8818]"
1FL-2C,O,O,4093,6,[]
1PE,O,J,156,1,[]
1PA,O,S,986,1,[]
1FL-2C,M,O,4111,4,[]
1PA,M,S,1271,1,[]
1FE,M,H,1830,2,[]
1FE,W,O,1729,4,[]
1FM-2C,W,C,3741,4,"[5282, 9726, 9715, 4143]"
1FL-nA,A,H,2978,4,[]
1FE,W,C,1728,1,[6359]
1FM-0C,O,O,1925,2,[]
1FC-0C,M,S,2771,2,[]
1FM-2C,O,M,3613,4,[]
1PA,M,B,701,1,[]
1PA,O,NS,1238,1,[]
1PA,A,NS,645,1,[8999]
1FM-0C,O,S,2029,2,[]
1PA,O,C,930,1,[]
1FM-2C,W,NS,3341,4,"[1131, 9558, 3961, 8419]"
1FM-0C,O,NS,2296,2,[]
1FC-0C,B,S,2663,2,[]
1PE,A,C,247,1,[9278]
1FC-2C,O,H,3886,3,[]
1PA,O,O,924,1,[]
1FC-2C,W,O,3797,5,[]
1FL-2C,A,C,4063,2,"[2078, 2547]"
1FM-0C,M,M,1898,2,[]
1FC-0C,M,C,2497,2,[]
1FC-2C,A,C,3911,3,"[9860, 5063, 8349]"
1FM-nA,O,N,2355,6,[]
1FC-0C,M,C,2687,2,[]
1FM-0C,W,S,2156,2,[]
1PA,B,C,649,1,[7681]
1PE,O,J,544,1,[]
1PA,W,J,1628,1,[]
1FM-2C,A,N,3733,3,"[873, 6549, 10192]"
1FC-0C,W,O,2673,2,[]
1PE,O,NS,260,1,[]
1FM-0C,M,S,2348,2,[]
1FL-2C,M,NS,3965,2,[]
1PA,W,C,928,1,[3816]
1PA,A,NS,613,1,[7371]
1PA,A,O,1024,1,[]
1PA,O,B,1296,1,[]
1PA,A,B,1153,1,[4718]
1PE,M,S,220,1,[]
1FC-2C,M,C,3913,3,[]
1PE,W,NS,486,1,[10616]
1FC-0C,W,C,2553,2,"[10463, 10103]"
1FC-0C,W,C,2728,2,"[5483, 4425]"
1PE,O,O,259,1,[]
1H-nA,W,C,3179,1,[3619]
1PE,B,S,387,1,[]
1PA,A,C,848,1,[6517]
1H-2C,O,H,4237,3,[]
1FE,O,J,1722,1,[]
1FL-2C,W,C,4099,4,"[3872, 3707, 9220, 9823]"
1FM-nA,O,O,2423,4,[]
1FM-nA,B,NS,2408,3,[]
1FL-2C,B,H,4109,3,[]
1FM-2C,M,J,3568,3,[]
1FC-2C,M,C,3921,3,[]
1FM-2C,B,O,3716,3,[]
1FL-nA,M,NS,2950,2,[]
1PA,M,NS,1096,1,[]
1H-nA,M,O,3213,1,[10408]
1FM-2C,B,S,3731,4,[]
1FM-2C,M,J,3680,3,[]
1PE,M,O,508,1,[]
1PE,M,O,8,1,[]
1FM-2C,M,H,3359,4,[]
1FM-0C,M,J,2346,2,[]
1H-nA,M,C,3085,2,"[4281, 3618]"
1FM-2C,M,S,3261,5,[]
1FM-2C,O,NS,3432,3,[]
1H-nA,O,B,3114,2,"[1702, 10089]"
1PE,B,N,379,1,[329]
1H-nA,W,O,3059,3,"[10515, 3730, 5738]"
1PA,W,C,679,1,[8178]
1FC-2C,B,C,3807,4,[]
1FM-nA,M,C,2403,3,[]
1PA,M,C,1012,1,[3622]
1PA,M,B,1667,1,[]
1FC-0C,M,NS,2705,2,[]
1PE,M,C,66,1,[]
1FE,W,O,1790,4,[]
1FM-2C,B,H,3372,4,[]
1FM-2C,M,O,3608,5,[]
1FM-0C,M,C,2241,2,[]
1PA,O,M,680,1,[10012]
1H-nA,M,C,3056,8,"[4157, 3275, 788, 2629, 7451, 3885, 5241, 1536]"
1PA,A,NS,782,1,[7149]
1FL-nA,M,C,2964,2,[]
1FL-2C,B,O,3993,4,[]
1PA,B,O,1654,1,[]
1FL-2C,M,N,3961,3,[]
1FL-nA,M,S,2954,2,[]
1FL-2C,M,C,4129,2,[]
1FM-nA,W,H,2365,3,[]
1PA,M,M,884,1,[10486]
1PA,O,C,1092,1,[]
1PE,M,O,383,1,[]
1PA,O,O,1455,1,[]
1H-nA,A,H,3124,2,"[609, 5092]"
1FM-2C,W,S,3263,3,[]
1FC-0C,A,N,2761,2,"[663, 7601]"
1PE,B,H,32,1,[]
1FM-nA,A,H,2400,3,[]
1H-nE,A,C,3012,1,[7370]
1H-nA,A,S,3161,1,[7353]
1PA,B,C,611,1,[2648]
1PE,B,M,571,1,[]
1PE,M,NS,344,1,[]
1FM-0C,A,S,2160,2,[]
1FM-nA,A,C,2359,4,"[9809, 8987, 8243, 2581]"
1FM-0C,A,C,2011,2,"[7172, 8639]"
1FM-2C,M,N,3342,3,[]
1FM-2C,W,C,3593,3,"[1859, 4412, 2403]"
1FC-0C,O,J,2744,2,[]
1FL-2C,A,C,4036,2,"[9037, 8289]"
1FM-2C,M,H,3391,4,[]
1FM-0C,W,N,2330,2,"[10870, 9500]"
1PA,O,C,1136,1,[]
1FM-0C,B,O,2314,2,[]
1FM-0C,W,NS,2179,2,"[6319, 3737]"
1PA,M,J,842,1,[]
1FC-0C,O,J,2768,2,[]
1PA,B,O,1393,1,[]
1PA,A,H,966,1,[4286]
1PE,B,H,529,1,[]
1PE,M,C,177,1,[]
1PE,W,J,423,1,[]
1FM-0C,W,J,2139,2,[]
1FM-2C,A,O,3662,5,[]
1FM-0C,O,O,2237,2,[]
1PE,O,N,573,1,[]
1FC-0C,W,O,2536,2,[]
1PE,M,H,289,1,[]
1FC-0C,O,C,2669,2,[]
1PA,O,O,1480,1,[]
1FC-0C,O,O,2898,2,[]
1FM-2C,M,N,3296,3,[]
1FE,W,C,1861,5,"[226, 4126, 8899, 7360, 2822]"
1FC-2C,M,C,3815,6,[]
1FM-0C,O,N,2087,2,[]
1FM-2C,A,C,3439,6,"[5994, 319, 8082, 6288, 8084, 6394]"
1FC-0C,O,C,2894,2,[]
1PA,B,NS,1673,1,[]
1FM-2C,A,O,3339,5,[]
1PE,B,M,384,1,[]
1FM-2C,M,B,3411,4,[]
1PE,M,B,371,1,[]
1FM-0C,B,C,2125,2,[]
1FM-0C,O,C,2060,2,[]
1FL-2C,A,NS,3999,4,[]
1PA,A,C,1106,1,[1863]
1FE,M,H,1832,1,[]
1PA,M,C,1477,1,[]
1FM-2C,W,NS,3406,8,"[10700, 9030, 9569, 2871, 4826, 1929, 8516, 7180]"
1PE,W,J,142,1,[]
1FM-2C,A,C,3703,5,[]
1PE,W,B,492,1,[9106]
1PE,O,H,199,1,[]
1FC-0C,O,NS,2797,2,[]
1PA,O,C,1172,1,[]
1PA,B,J,1227,1,[]
1PA,A,C,1703,1,[5716]
1FM-2C,M,J,3240,6,[]
1H-nA,O,B,3104,2,"[3660, 3514]"
1FC-0C,M,NS,2903,2,[]
1PE,W,C,196,1,[6253]
1PA,M,S,875,1,[]
1FC-0C,O,H,2683,2,[]
1FM-2C,W,O,3626,4,[]
1PA,O,O,1627,1,[]
1PA,M,H,841,1,[]
1PE,O,H,582,1,[]
1FM-2C,B,O,3306,3,[]
1FM-0C,A,NS,2112,2,[]
1PA,W,S,906,1,[8632]
1PA,M,O,632,1,[]
1FM-0C,M,O,2227,2,[]
1PA,W,S,1425,1,[5409]
1PE,B,M,163,1,[]
1FM-0C,M,M,2283,2,[]
1PA,B,NS,1607,1,[]
1FM-0C,A,C,1972,2,"[7716, 1591]"
1H-nS,M,C,3005,1,[4377]
1FL-nA,M,C,2928,4,[]
1PA,M,S,926,1,[]
1H-nA,O,C,3065,2,"[9586, 2157]"
1PE,W,O,548,1,[]
1PA,B,C,1565,1,[8934]
1FM-0C,M,H,2231,2,[]
1PA,B,J,1559,1,[]
1FC-nA,W,O,2925,6,[]
1FM-0C,W,O,2310,2,[]
1PA,A,M,612,1,[3625]
1PA,O,O,1337,1,[]
1FM-nA,A,NS,2415,3,[]
1FL-2C,W,NS,4031,3,"[9735, 1798, 4028]"
1H-nA,B,O,3089,2,"[5275, 5774]"
1FM-0C,M,C,2149,2,[]
1FC-2C,O,C,3812,4,[]
1PA,M,O,743,1,[]
1PA,B,C,638,1,[1329]
1PA,M,H,1392,1,[]
1FC-0C,O,C,2513,2,[]
1FM-0C,A,C,2234,2,"[7103, 10667]"
1FM-0C,O,NS,2255,2,[]
1PA,B,C,1098,1,[1737]
1H-2C,M,S,4202,2,[]
1PE,M,H,49,1,[]
1FL-2C,W,J,3990,4,[]
1PA,W,C,922,1,[4009]
1FC-0C,O,S,2603,2,[]
1FC-2C,M,NS,3923,3,[]
1PA,M,S,757,1,[]
1H-nA,O,N,3135,2,"[2880, 6361]"
1FC-0C,M,S,2606,2,[]
1FL-2C,M,S,3953,3,[]
1FC-0C,O,C,2537,2,[]
1FC-0C,O,J,2789,2,[]
1PA,B,H,1611,1,[]
1PA,O,N,1435,1,[3418]
1PA,O,NS,837,1,[]
1PA,W,C,1478,1,[5599]
1FC-0C,M,NS,2679,2,[]
1FC-2C,W,C,3779,4,"[3116, 2455, 5214, 644]"
1FL-2C,M,NS,3960,3,[]
1H-nA,A,N,3062,1,[4919]
1FC-0C,A,NS,2501,2,[]
1PA,W,N,1071,1,[8609]
1FL-2C,A,H,4051,2,[]
1FM-2C,B,O,3265,3,[]
1FM-0C,O,O,2195,2,[]
1FC-0C,O,B,2685,2,[]
1FL-2C,M,N,3967,2,[]
1FM-2C,O,O,3657,6,[]
1FM-2C,M,NS,3540,3,[]
1FC-0C,M,C,2587,2,[]
1FM-0C,M,O,1937,2,[]
1FC-0C,W,C,2776,2,"[5911, 9977]"
1H-2C,O,H,4208,3,[]
1FL-2C,O,NS,4047,2,[]
1FC-0C,A,M,2855,2,"[6389, 6663]"
1FL-nA,M,C,2952,3,[]
1H-nA,M,NS,3196,2,"[8879, 10363]"
1H-nA,B,B,3048,3,"[7726, 7522, 5220]"
1FL-2C,B,C,4135,2,[]
1PA,O,H,1558,1,[]
1FM-2C,M,O,3695,4,[]
1PA,M,H,1374,1,[]
1FM-2C,O,M,3451,4,[]
1FC-0C,W,N,2616,2,"[2947, 8400]"
1PA,A,O,1513,1,[]
1PA,M,C,868,1,[3188]
1PA,M,H,927,1,[]
1FM-nA,O,S,2414,3,[]
1PA,O,NS,998,1,[]
1PA,O,O,1338,1,[]
1FM-2C,W,H,3424,3,[]
1PA,O,O,1100,1,[]
1PA,M,H,1133,1,[]
1PA,O,N,1633,1,[]
1FE,O,O,1878,4,[]
1PE,M,J,211,1,[]
1H-nA,M,M,3096,1,[8904]
1FL-2C,O,J,4014,2,[]
1PE,W,H,60,1,[8360]
1PA,B,C,1212,1,[9035]
1FM-0C,M,O,2280,2,[]
1FM-2C,M,C,3639,5,[]
1H-2C,M,B,4181,2,[]
1PA,W,H,1458,1,[213]
1PA,O,S,766,1,[]
1FM-0C,B,O,2315,2,[]
1FC-0C,M,O,2868,2,[]
1PA,B,J,1079,1,[]
1H-nA,M,NS,3120,2,"[4267, 8100]"
1FM-2C,W,NS,3611,3,"[1099, 7543, 5283]"
1FM-0C,M,C,2251,2,[]
1FE,O,J,1746,1,[]
1FM-0C,O,C,2275,2,[]
1PE,B,J,583,1,[]
1FC-0C,W,NS,2530,2,"[5534, 5893]"
1FM-0C,W,C,1942,2,"[2503, 5889]"
1FC-0C,O,M,2531,2,[]
1PA,W,O,941,1,[2256]
1PA,M,C,1081,1,[9107]
1PE,M,H,188,1,[]
1PA,M,C,942,1,[4431]
1FM-2C,O,C,3678,3,[]
1FL-nA,O,S,2944,2,[]
1FM-2C,B,C,3292,3,[]
1FL-2C,B,B,4145,4,[]
1FE,O,NS,1819,5,[]
1FL-2C,O,C,4101,4,[]
1PE,O,C,227,1,[]
1FM-2C,M,M,3348,3,[]
1PE,M,J,536,1,[]
1PA,W,J,1469,1,[]
1FM-2C,A,C,3543,6,"[916, 283, 9360, 2094, 8538, 7070]"
1PA,O,M,1405,1,[]
1FM-2C,O,H,3738,7,[]
1PA,M,J,698,1,[]
1FE,M,NS,1863,1,[]
1PA,B,NS,1624,1,[]
1FM-0C,M,C,2286,2,[]
1FM-0C,A,C,2104,2,"[412, 2176]"
1FL-2C,M,S,3991,8,[]
1FM-2C,W,NS,3469,3,"[6774, 8429, 9843]"
1PA,B,NS,1401,1,[]
1FC-2C,O,H,3870,4,[]
1FM-0C,M,N,2267,2,[]
1PA,W,O,1038,1,[10743]
1PE,M,O,209,1,[]
1FM-0C,M,H,2169,2,[]
1PE,M,S,566,1,[]
1PE,W,N,314,1,[6954]
1PA,B,NS,602,1,[4759]
1PE,M,NS,234,1,[]
1PA,M,O,1537,1,[]
1PA,O,B,932,1,[]
1FM-2C,W,O,3549,4,[]
1FM-2C,M,H,3563,4,[]
1FC-0C,O,C,2726,2,[]
1PE,B,O,112,1,[]
1FC-0C,M,S,2589,2,[]
1PA,A,NS,1090,1,[8030]
1H-nA,O,C,3022,2,"[4337, 5256]"
1PE,O,O,231,1,[]
1FM-2C,B,C,3276,5,[]
1FE,W,S,1841,1,[8973]
1H-nA,O,H,3181,3,"[3690, 10092, 4975]"
1PE,M,S,473,1,[]
1FM-2C,A,O,3654,4,[]
1FC-0C,A,B,2478,2,[]
1FM-0C,W,C,1984,2,"[2195, 2792]"
1FL-nA,O,J,2955,2,[]
1PA,O,NS,1619,1,[]
1PA,A,O,1617,1,[]
1FM-0C,B,H,1924,2,[]
1FL-2C,M,N,3986,3,[]
1PE,M,C,362,1,[]
1PE,W,NS,136,1,[10593]
1PA,O,NS,1135,1,[]
1FC-0C,M,C,2611,2,[]
1PA,O,H,1152,1,[]
1FC-0C,W,NS,2793,2,"[3179, 5772]"
1FM-2C,W,NS,3702,4,"[2740, 4399, 186, 10865]"
1FC-0C,A,H,2788,2,[]
1PA,M,H,1054,1,[]
1FM-2C,M,O,3658,4,[]
1PE,A,J,23,1,[]
1FM-2C,O,NS,3743,3,[]
1FC-2C,M,H,3827,4,[]
1FM-0C,O,C,1922,2,[]
1PA,W,J,696,1,[2956]
1FM-2C,M,NS,3358,3,[]
1PE,B,H,421,1,[]
1FC-0C,O,C,2511,2,[]
1PE,A,O,461,1,[]
1PA,W,J,1068,1,[7615]
1PE,W,C,88,1,[6451]
1FE,B,H,1874,1,[]
1FE,M,O,1770,1,[]
1PE,M,O,283,1,[]
1FC-0C,O,C,2543,2,[]
1FC-0C,O,O,2760,2,[]
1FM-0C,M,NS,2067,2,[]
1PE,M,NS,541,1,[]
1FM-2C,B,O,3345,6,[]
1FL-nA,M,B,2989,4,[]
1PA,M,O,860,1,[]
1PE,W,C,534,1,[8184]
1PA,W,C,1369,1,[8725]
1FM-2C,O,J,3579,5,[]
1FM-2C,O,O,3430,4,[]
1FE,B,J,1875,1,[]
1FM-2C,O,O,3433,5,[]
1FM-2C,O,S,3490,4,[]
1H-nA,M,NS,3084,2,"[5836, 7444]"
1FM-2C,O,H,3706,3,[]
1H-2C,W,B,4207,6,"[7100, 4372, 7689, 2296, 5488, 10825]"
1FC-0C,W,O,2684,2,[]
1FC-0C,M,O,2900,2,[]
1FM-0C,M,C,2003,2,[]
1FL-2C,M,C,4137,2,[]
1H-2C,A,NS,4186,2,[]
1PA,A,C,1421,1,[5971]
1PA,M,O,1587,1,[]
1PA,W,O,943,1,[4176]
1FC-0C,A,O,2479,2,[]
1PA,A,C,780,1,[7826]
1FE,A,N,1840,1,[5819]
1FM-nA,B,C,2437,3,[]
1H-nA,B,S,3187,1,[4822]
1PE,M,NS,122,1,[]
1PA,B,O,888,1,[]
1FM-2C,O,B,3281,4,[]
1PA,O,O,686,1,[]
1FM-2C,W,S,3618,3,[]
1FM-2C,M,C,3429,5,[]
1FM-0C,A,O,1955,2,[]
1PE,B,M,414,1,[]
1PA,O,J,790,1,[]
1FM-nA,O,NS,2409,4,[]
1FM-0C,W,O,2207,2,[]
1FE,O,O,1794,5,[]
1FM-2C,A,N,3371,3,"[158, 4156, 4748]"
1FE,O,C,1850,1,[]
1PA,M,S,1426,1,[]
1FM-nA,W,C,2356,4,"[10736, 8399, 8567, 6368]"
1PE,M,C,273,1,[]
1PA,M,C,783,1,[10862]
1PE,A,O,522,1,[]
1PE,B,M,523,1,[]
1FC-0C,M,J,2610,2,[]
1FM-0C,O,C,2175,2,[]
1PA,O,S,1579,1,[]
1FC-0C,A,C,2847,2,"[4599, 6648]"
1PE,B,NS,351,1,[]
1H-nA,B,NS,3036,1,[2263]
1FM-2C,B,O,3722,4,[]
1FM-2C,M,NS,3418,3,[]
1FM-2C,A,H,3531,6,[]
1PA,W,C,1512,1,[2650]
1PA,W,O,652,1,[6074]
1FC-nA,B,S,2922,3,[]
1FC-2C,O,NS,3796,3,[]
1FL-2C,A,O,4071,2,[]
1H-nA,M,C,3182,1,[8272]
1PE,M,S,119,1,[]
1FM-2C,W,C,3512,5,"[8892, 8768, 670, 6561, 9678]"
1FM-0C,A,S,2184,2,[]
1PE,O,O,169,1,[]
1FL-2C,M,O,4077,2,[]
1PA,O,H,1406,1,[]
1FM-0C,A,C,2045,2,"[1381, 19]"
1PA,A,NS,963,1,[10266]
1PA,M,N,946,1,[9368]
1PE,W,O,463,1,[]
1FC-0C,M,NS,2727,2,[]
1PE,W,B,329,1,[10651]
1FM-0C,B,NS,2214,2,[]
1FC-0C,W,J,2488,2,[]
1FM-0C,M,O,2182,2,[]
1PA,M,M,1361,1,[389]
1FM-0C,O,NS,2064,2,[]
1PE,A,J,368,1,[]
1FC-2C,O,O,3805,7,[]
1FM-0C,M,M,1895,2,[]
1FM-2C,M,O,3316,4,[]
1FM-0C,M,J,2019,2,[]
1FM-nA,M,NS,2407,4,[]
1PA,W,O,1376,1,[2624]
1FC-0C,M,C,2890,2,[]
1PA,B,C,773,1,[522]
1PA,M,N,1285,1,[1655]
1FM-2C,W,NS,3218,4,"[2225, 3935, 6445, 8722]"
1PA,A,H,1515,1,[9074]
1FL-2C,W,NS,3942,2,"[6264, 9961]"
1FM-2C,B,O,3455,3,[]
1PE,W,O,499,1,[]
1PA,M,N,1415,1,[1287]
1PA,M,O,1235,1,[]
1FC-2C,A,J,3860,3,[]
1PE,M,C,436,1,[]
1PA,O,O,1252,1,[]
1PE,B,N,366,1,[3]
1FL-2C,B,C,4035,2,[]
1PE,O,C,277,1,[]
1H-2C,O,J,4224,2,[]
1FC-0C,O,C,2463,2,[]
1FM-2C,O,N,3536,5,[]
1PA,M,N,1507,1,[8772]
1PE,A,M,408,1,[]
1FC-0C,W,O,2741,2,[]
1FM-0C,W,O,2070,2,[]
1FE,M,J,1787,2,[]
1PA,W,H,1645,1,[6203]
1H-2C,M,J,4211,2,[]
1FC-0C,M,N,2695,2,"[9029, 3154]"
1PA,B,S,845,1,[]
1FM-2C,M,J,3463,5,[]
1FE,B,B,1750,1,[]
1PE,A,S,87,1,[]
1FE,M,O,1879,1,[]
1FM-0C,W,H,2252,2,[]
1FM-0C,A,C,2329,2,"[4410, 5414]"
1FM-0C,O,O,2233,2,[]
1FC-0C,A,NS,2792,2,[]
1FE,O,C,1801,1,[]
1PA,A,C,856,1,[6645]
1FC-2C,M,O,3785,3,[]
1PE,W,C,79,1,[10578]
1PA,W,B,945,1,[6910]
1PE,M,C,200,1,[]
1FM-2C,M,S,3238,4,[]
1FM-2C,M,C,3288,4,[]
1PA,A,C,802,1,[2125]
1H-nE,W,NS,3013,2,"[4308, 4574]"
1FM-0C,O,H,2099,2,[]
1FM-0C,M,H,2216,2,[]
1FM-0C,W,O,2096,2,[]
1PE,M,H,232,1,[]
1FL-2C,M,O,4083,4,[]
1PA,O,H,1034,1,[]
1FM-2C,B,O,3670,3,[]
1FM-2C,W,C,3586,3,"[4852, 8440, 76]"
1PA,W,O,1584,1,[9813]
1FC-0C,M,O,2475,2,[]
1FE,A,S,1785,5,[]
1FM-0C,O,B,2171,2,[]
1FC-2C,M,N,3826,3,[]
1PE,M,C,393,1,[]
1PA,W,C,1144,1,[7927]
1FC-2C,M,M,3919,4,[]
1PE,A,O,192,1,[]
1PE,W,J,105,1,[]
1FM-2C,W,C,3246,5,"[9118, 2643, 9502, 2153, 9524]"
1FM-2C,M,B,3622,3,[]
1FM-nA,B,C,2424,3,[]
1FM-2C,O,S,3500,3,[]
1H-nA,M,C,3039,2,"[2481, 3875]"
1FM-2C,W,N,3555,4,"[761, 6491, 9128, 2020]"
1FE,B,O,1816,1,[]
1H-nA,O,O,3055,3,"[6200, 10320, 4163]"
1FM-0C,A,NS,1992,2,[]
1FC-2C,A,S,3854,3,[]
1FM-2C,M,H,3350,3,[]
1PA,M,S,1588,1,[]
1FC-0C,A,O,2649,2,[]
1FE,A,C,1724,2,"[4819, 4876]"
1FC-0C,W,B,2802,2,"[5130, 5531]"
1H-nA,M,J,3186,3,"[9334, 1662, 275]"
1FM-0C,B,NS,2178,2,[]
1PA,W,C,703,1,[572]
1FC-0C,B,O,2474,2,[]
1FM-0C,W,O,2217,2,[]
1FM-2C,M,N,3704,3,[]
1PA,O,B,995,1,[]
1PE,M,J,465,1,[]
1FM-2C,A,C,3419,3,"[7751, 5524, 1477]"
1FL-2C,O,NS,4021,3,[]
1FM-2C,A,C,3527,3,"[1231, 3905, 7024]"
1FC-0C,M,C,2567,2,[]
1PA,O,H,1237,1,[]
1FC-0C,O,C,2654,2,[]
1H-2C,A,C,4220,4,"[9433, 3597, 947, 4397]"
1PE,M,J,213,1,[]
1PA,W,O,1037,1,[9264]
1H-2C,O,O,4166,3,[]
1PA,A,S,901,1,[8691]
1PA,O,O,1447,1,[]
1FM-0C,O,H,1949,2,[]
1H-2C,A,J,4164,3,[]
1FM-2C,M,C,3709,3,[]
1PA,O,M,1615,1,[]
1PA,B,N,742,1,[4698]
1FC-2C,B,C,3868,4,[]
1FL-2C,W,C,4055,2,"[4201, 6676]"
1FL-2C,M,C,4040,2,[]
1FL-nA,W,O,2935,5,[]
1PA,B,B,1207,1,[]
1PE,O,O,510,1,[]
1H-nA,A,C,3132,3,"[7685, 5877, 7866]"
1PA,M,O,598,1,[6400]
1FM-0C,O,C,2131,2,[]
1FL-2C,O,S,4039,2,[]
1PA,O,C,982,1,[]
1FC-0C,O,O,2585,2,[]
1FC-2C,M,B,3874,4,[]
1PE,A,O,519,1,[]
1FE,A,J,1814,2,[]
1PA,A,C,768,1,[8925]
1FL-2C,W,N,4130,2,"[6556, 5953]"
1FE,M,NS,1727,2,[]
1PA,M,O,1652,1,[]
1FC-0C,M,J,2698,2,[]
1FC-2C,O,NS,3878,3,[]
1H-nA,A,H,3174,1,[5112]
1H-nA,O,C,3023,2,"[10194, 9009]"
1PE,W,J,422,1,[]
1PE,M,M,124,1,[]
1H-nA,A,S,3021,5,"[10540, 1869, 2541, 10697, 1713]"
1FE,M,B,1747,1,[]
1PA,W,C,1245,1,[876]
1PA,O,C,820,1,[]
1PA,M,M,1404,1,[5186]
1PA,M,NS,1383,1,[]
1PE,M,O,101,1,[]
1FC-2C,A,O,3871,3,[]
1PA,B,NS,1576,1,[]
1PA,M,C,1639,1,[]
1PA,M,C,1284,1,[]
1FL-2C,M,C,4059,3,[]
1FM-2C,O,C,3340,3,[]
1FC-2C,A,S,3847,5,[]
1PA,A,O,1104,1,[]
1FM-0C,W,B,2017,2,"[1140, 10299]"
1FM-2C,O,N,3228,3,[]
1PA,A,NS,1518,1,[]
1FL-2C,O,O,4076,4,[]
1FL-2C,M,NS,3945,2,[]
1PA,B,M,1353,1,[2879]
1FM-0C,B,C,1906,2,"[4064, 4247]"
1FL-2C,O,NS,4016,6,[]
1FM-2C,A,O,3384,4,[]
1PA,A,H,983,1,[4026]
1PE,M,J,457,1,[]
1FC-0C,M,S,2588,2,[]
1FL-2C,M,S,4074,2,[]
1FC-2C,M,NS,3918,5,[]
1H-nA,O,O,3108,3,"[7345, 1080, 6918]"
1PE,M,C,382,1,[]
1FL-2C,W,NS,4095,3,"[2051, 4125, 3994]"
1H-nA,M,H,3197,1,[454]
1FM-2C,O,S,3434,6,[]
1PA,O,O,1491,1,[]
1FM-0C,M,B,1913,2,[]
1PA,O,N,1011,1,[771]
1FM-0C,A,C,1938,2,"[1055, 2149]"
1H-2C,M,H,4236,4,[]
1PA,B,C,663,1,[8734]
1FM-nA,M,H,2410,3,[]
1FM-2C,B,O,3534,4,[]
1FL-2C,M,S,3985,3,[]
1FM-0C,A,C,2111,2,"[7142, 1844]"
1FM-2C,B,S,3491,4,[]
1FM-2C,O,C,3436,4,[]
1FM-2C,B,C,3476,4,[]
1FM-nA,W,O,2448,4,[]
1FM-0C,W,O,2015,2,[]
1FC-0C,B,C,2816,2,[]
1PA,M,NS,846,1,[9017]
1PE,O,C,543,1,[]
1H-nA,A,NS,3127,1,[6158]
1PE,W,J,92,1,[]
1H-nA,B,M,3188,1,[1266]
1FM-2C,A,M,3750,3,"[509, 10808, 3466]"
1FM-0C,W,C,1927,2,"[12, 6508]"
1PA,O,NS,1197,1,[]
1FM-0C,A,O,2038,2,[]
1PA,W,NS,1103,1,[3716]
1FL-nA,O,O,2938,2,[]
1FM-0C,W,M,2089,2,"[3423, 8334]"
1FC-0C,W,H,2477,2,"[10876, 384]"
1FM-0C,M,O,2128,2,[]
1FM-nA,B,NS,2367,3,[]
1FL-nA,M,C,2970,3,[]
1FM-2C,A,O,3502,4,[]
1FM-2C,B,H,3566,7,[]
1PA,M,M,1049,1,[2204]
1FL-2C,M,O,4008,3,[]
1FC-2C,B,C,3824,3,[]
1PA,M,S,899,1,[]
1PA,B,C,1460,1,[5111]
1FM-0C,A,C,1962,2,"[5717, 1345]"
1PE,O,M,238,1,[]
1FM-2C,M,H,3496,4,[]
1FM-0C,M,NS,2103,2,[]
1PA,M,O,1134,1,[]
1FC-0C,M,M,2861,2,[]
1FE,B,B,1806,2,[]
1H-2C,O,O,4160,3,[]
1PE,M,NS,164,1,[]
1FC-0C,W,C,2523,2,"[6559, 8002]"
1FM-0C,A,S,2132,2,[]
1PE,M,B,253,1,[]
1FM-nA,W,N,2416,4,"[6309, 10409, 5633, 10491]"
1FM-0C,O,J,2305,2,[]
1FC-0C,B,M,2628,2,"[8196, 4311]"
1FE,W,B,1792,1,[3070]
1FE,O,O,1812,2,[]
1FM-2C,B,C,3387,3,[]
1H-nA,W,H,3149,1,[4584]
1PA,A,O,931,1,[]
1FC-0C,B,O,2464,2,[]
1FM-0C,O,O,2319,2,[]
1FC-2C,W,C,3761,3,"[8592, 1317, 3614]"
1PA,O,O,1699,1,[]
1FM-2C,O,C,3275,3,[]
1H-2C,O,S,4198,2,[]
1FM-0C,O,NS,2334,2,[]
1FM-2C,B,NS,3479,4,[]
1FC-0C,M,O,2461,2,[]
1FM-nA,O,O,2447,3,[]
1PA,M,NS,1091,1,[]
1FM-2C,O,C,3501,3,[]
1PA,O,C,1486,1,[]
1FC-2C,W,NS,3793,3,"[10691, 4123, 6909]"
1FM-0C,M,O,2187,2,[]
1PA,M,S,1182,1,[]
1FM-0C,M,C,1951,2,[]
1PA,O,NS,1453,1,[]
1PA,O,J,594,1,[10472]
1PA,W,C,678,1,[7286]
1PE,M,M,42,1,[]
1H-2C,B,O,4159,4,[]
1FC-0C,M,O,2630,2,[]
1FM-0C,A,J,2115,2,[]
1FL-nA,M,H,2974,3,[]
1PE,M,J,244,1,[]
1PA,B,O,1125,1,[]
1PA,O,H,1340,1,[]
1FM-2C,W,O,3516,3,[]
1FM-0C,M,N,2342,2,[]
1FM-2C,B,NS,3625,4,[]
1PA,M,J,1443,1,[]
1PE,A,O,262,1,[]
1H-nA,W,NS,3162,1,[3214]
1FM-2C,W,J,3347,3,[]
1FC-0C,W,M,2469,2,"[7992, 3642]"
1PA,O,O,1690,1,[]
1H-nA,O,O,3090,6,"[6214, 10360, 2788, 8130, 4779, 3874]"
1FE,M,S,1726,1,[]
1FC-nA,A,O,2921,3,[]
1PA,B,J,835,1,[]
1FE,M,M,1867,5,[]
1FM-2C,O,NS,3373,5,[]
1H-2C,B,O,4152,2,[]
1FM-2C,M,C,3301,3,[]
1FM-0C,W,H,1954,2,"[5525, 3641]"
1PE,W,C,341,1,[3906]
1PE,B,O,361,1,[]
1PA,M,M,1602,1,[]
1PA,O,NS,749,1,[]
1PE,M,C,114,1,[]
1FC-2C,O,S,3877,3,[]
1PE,A,M,481,1,[]
1FM-0C,O,NS,2100,2,[]
1H-nA,B,C,3037,3,"[10645, 8563, 4114]"
1FM-0C,M,H,2024,2,[]
1FM-nA,M,S,2440,6,[]
1FC-0C,M,C,2859,2,[]
1H-nA,M,C,3116,1,[9038]
1FM-0C,M,B,2230,2,[]
1PA,M,C,784,1,[4314]
1FC-2C,M,O,3775,5,[]
1H-nA,O,NS,3042,4,"[6536, 2348, 8068, 5043]"
1FL-2C,A,N,3972,2,"[4320, 2608]"
1FE,A,B,1767,8,[]
1FM-2C,O,C,3520,4,[]
1FM-2C,O,NS,3642,3,[]
1FM-2C,M,C,3693,3,[]
1FM-0C,M,H,2074,2,[]
1FC-0C,A,NS,2782,2,[]
1FC-0C,M,NS,2885,2,[]
1FC-0C,M,H,2620,2,[]
1FM-2C,M,J,3599,4,[]
1FC-0C,M,C,2660,2,[]
1PA,O,J,1272,1,[]
1H-nE,A,C,3016,3,"[9053, 6463, 10583]"
1FM-2C,O,O,3558,3,[]
1FM-0C,M,S,2228,2,[]
1PA,O,O,1128,1,[]
1PA,M,B,627,1,[1527]
1PE,M,C,348,1,[]
1PA,M,O,1303,1,[]
1FC-0C,M,M,2794,2,[]
1PA,M,C,1566,1,[]
1FM-2C,W,C,3751,3,"[5477, 535, 7581]"
1FM-0C,M,C,2311,2,[]
1PA,W,B,980,1,[693]
1FC-0C,O,S,2472,2,[]
1PA,M,S,1424,1,[]
1FC-2C,M,N,3791,5,[]
1FM-0C,M,NS,2190,2,[]
1PA,M,O,912,1,[]
1FC-0C,B,NS,2743,2,[]
1PA,O,NS,633,1,[2816]
1PA,B,M,670,1,[3675]
1PE,A,NS,446,1,[]
1PA,W,C,618,1,[8140]
1FM-2C,B,C,3242,3,[]
1FC-0C,O,O,2651,2,[]
1FM-nA,M,M,2388,3,[]
1PA,M,NS,1327,1,[]
1PE,B,C,287,1,[2986]
1FL-nA,O,C,2993,3,[]
1FC-0C,W,S,2795,2,[]
1FC-2C,M,S,3833,3,[]
1FC-0C,M,O,2829,2,[]
1PA,W,C,1466,1,[5381]
1FM-0C,W,C,1963,2,"[2737, 3062]"
1FM-2C,A,S,3444,4,[]
1FM-0C,M,O,2326,2,[]
1PE,M,H,116,1,[]
1FM-2C,O,C,3629,4,[]
1PA,M,C,1495,1,[]
1PE,B,J,354,1,[]
1FM-2C,M,J,3330,5,[]
1PA,M,NS,1233,1,[]
1PA,M,NS,614,1,[1060]
1FM-0C,M,O,2020,2,[]
1FM-0C,M,O,2257,2,[]
1FC-0C,M,N,2583,2,"[943, 38]"
1FL-2C,O,O,4085,5,[]
1FE,W,NS,1862,3,"[5888, 623, 7177]"
1FC-0C,M,O,2773,2,[]
1FL-2C,A,C,4116,4,"[8752, 3175, 2909, 6102]"
1PE,B,NS,58,1,[8559]
1FM-0C,W,J,2245,2,[]
1FE,B,C,1836,2,[]
1FM-2C,O,J,3554,4,[]
1H-nA,O,S,3199,2,"[1788, 3982]"
1H-2C,B,M,4189,2,[]
1FE,O,O,1736,1,[]
1PA,W,J,1254,1,[]
1FM-2C,M,H,3672,6,[]
1FC-0C,O,NS,2752,2,[]
1FC-0C,W,O,2571,2,[]
1FM-nA,O,S,2430,4,[]
1FM-0C,M,S,2339,2,[]
1FM-0C,A,O,2197,2,[]
1FM-nA,A,O,2427,4,[]
1PA,W,J,1666,1,[]
1FL-nA,O,C,2971,2,[]
1PE,A,O,561,1,[]
1FC-0C,W,NS,2645,2,"[7042, 9226]"
1PA,W,M,708,1,[8321]
1FM-0C,A,O,2006,2,[]
1PE,A,C,425,1,[8417]
1PA,W,M,1094,1,[7719]
1FC-0C,O,O,2577,2,[]
1PA,A,NS,1377,1,[547]
1PA,O,C,648,1,[3848]
1PE,M,C,73,1,[]
1FM-0C,A,C,1923,2,"[2744, 4757]"
1FM-2C,M,C,3539,4,[]
1FM-0C,M,NS,2284,2,[]
1FE,M,C,1765,1,[]
1PA,A,M,744,1,[9140]
1FC-0C,M,C,2772,2,[]
1PA,O,NS,1006,1,[]
1PA,M,N,621,1,[3012]
1FM-0C,M,H,2122,2,[]
1PE,W,O,288,1,[]
1PE,B,C,554,1,[]
1PA,A,C,1126,1,[1457]
1PA,W,C,1242,1,[10345]
1H-nA,A,O,3064,1,[9744]
1PA,O,H,1555,1,[]
1FC-2C,W,C,3905,3,"[1850, 8269, 1117]"
1FC-0C,O,J,2487,2,[]
1FC-0C,B,C,2805,2,[]
1PA,M,J,999,1,[]
1FM-2C,M,H,3653,3,[]
1FC-0C,M,N,2579,2,"[6945, 3354]"
1FM-0C,M,H,1961,2,[]
1PA,O,O,1191,1,[]
1FM-0C,M,NS,2260,2,[]
1PA,A,NS,1398,1,[10057]
1PA,B,O,1578,1,[]
1FC-0C,M,C,2858,2,[]
1FL-2C,W,O,4082,3,[]
1PA,O,NS,1621,1,[]
1FL-2C,M,C,4022,2,[]
1FE,A,NS,1827,1,[]
1FM-nA,M,J,2378,3,[]
1H-2C,M,M,4230,2,[]
1FL-2C,W,O,3982,2,[]
1H-nE,W,O,3015,1,[7271]
1PE,O,O,441,1,[]
1PE,O,NS,509,1,[]
1PA,M,B,1101,1,[]
1PE,A,C,590,1,[10780]
1FL-2C,O,C,3979,3,[]
1PA,A,C,650,1,[5148]
1PA,W,O,1547,1,[383]
1FL-2C,A,NS,4007,3,[]
1H-2C,M,C,4196,2,[]
1FC-2C,W,O,3849,3,[]
1PE,W,O,419,1,[]
1FL-2C,W,O,4138,2,[]
1FM-2C,M,J,3470,4,[]
1PA,M,H,1456,1,[]
1FM-2C,O,H,3754,4,[]
1FM-nA,M,O,2438,5,[]
1PA,M,H,661,1,[]
1PA,B,J,631,1,[731]
1PA,W,C,673,1,[4616]
1PA,A,J,1250,1,[]
1FC-0C,A,N,2652,2,"[5995, 5821]"
1PE,M,H,483,1,[]
1PA,M,NS,1585,1,[]
1FC-0C,M,NS,2454,2,[]
1FM-2C,O,NS,3757,3,[]
1FC-2C,M,O,3858,3,[]
1PA,M,H,1463,1,[]
1FC-0C,O,O,2830,2,[]
1FC-0C,M,NS,2619,2,[]
1PE,W,O,50,1,[8079]
1H-nA,M,C,3200,1,[2033]
1FC-0C,W,C,2533,2,"[8286, 10255]"
1PA,M,J,859,1,[]
1PA,W,C,1073,1,[3505]
1PA,O,C,720,1,[]
1PA,A,NS,1661,1,[]
1PA,M,NS,1657,1,[]
1FC-0C,A,NS,2549,2,[]
1H-nA,A,NS,3106,3,"[1939, 7456, 5781]"
1H-2C,M,C,4217,3,[]
1FM-nA,W,C,2390,4,"[10771, 3245, 1018, 2150]"
1FM-2C,O,NS,3524,3,[]
1FL-2C,O,C,3963,2,[]
1PA,M,O,1386,1,[]
1FM-2C,W,O,3417,3,[]
1PA,W,N,1400,1,[5920]
1PA,M,O,1196,1,[]
1PA,O,H,1409,1,[]
1FC-0C,M,B,2758,2,[]
1FE,B,NS,1799,1,[]
1PA,M,M,1476,1,[1096]
1FM-0C,A,H,2317,2,[]
1FC-2C,A,C,3853,5,"[3887, 9533, 7731, 3203, 1954]"
1H-nA,O,B,3076,1,[8021]
1FM-0C,M,C,2288,2,[]
1FC-0C,A,S,2717,2,[]
1PA,M,O,1287,1,[]
1PE,M,N,350,1,[]
1FM-0C,A,O,2250,2,[]
1PA,M,C,1682,1,[]
1FL-2C,M,B,3989,3,[]
1FM-0C,B,S,2341,2,[]
1PA,M,C,1672,1,[]
1PA,B,O,1180,1,[]
1H-nA,A,J,3027,3,"[7187, 9629, 10351]"
1FM-2C,M,O,3464,3,[]
1FC-0C,W,J,2612,2,[]
1FM-0C,O,H,1917,2,[]
1PA,B,N,1358,1,[3399]
1FE,B,M,1826,3,[]
1PA,W,C,787,1,[10623]
1FL-2C,O,C,3950,5,[]
1PE,A,O,141,1,[]
1PA,M,M,789,1,[7734]
1PE,A,J,324,1,[]
1FM-2C,O,H,3571,3,[]
1PA,M,B,715,1,[]
1FM-2C,O,C,3542,3,[]
1FL-2C,M,C,4057,3,[]
1FM-2C,A,J,3431,4,[]
1FM-2C,M,S,3707,3,[]
1FL-2C,W,NS,4011,3,"[1980, 8848, 10794]"
1PE,M,C,407,1,[]
1FM-2C,M,S,3696,8,[]
1PA,B,O,1005,1,[]
1PA,W,S,891,1,[6847]
1FC-0C,A,C,2482,2,"[8994, 5356]"
1FC-0C,W,O,2837,2,[]
1FM-2C,A,C,3304,4,"[8574, 5881, 4774, 8048]"
1FM-nA,A,C,2391,5,"[7718, 4055, 5750, 1195, 10042]"
1PE,A,M,304,1,[8700]
1FL-2C,M,N,4062,4,[]
1FL-2C,M,C,4087,2,[]
1PA,B,O,665,1,[]
1PA,A,C,1178,1,[463]
1FM-0C,B,O,1948,2,[]
1FM-2C,M,O,3307,4,[]
1FM-2C,M,B,3226,4,[]
1PA,A,B,962,1,[7968]
1FM-0C,A,H,2010,2,[]
1FM-nA,B,C,2399,3,[]
1FC-0C,A,S,2799,2,[]
1PE,M,S,305,1,[]
1FM-2C,M,B,3688,3,[]
1FL-2C,A,C,3981,5,"[3784, 1222, 6890, 555, 3381]"
1PA,O,M,917,1,[]
1FC-0C,M,J,2686,2,[]
1PA,A,NS,1625,1,[]
1FC-0C,W,O,2764,2,[]
1PA,M,O,822,1,[]
1FM-nA,B,C,2385,7,[]
1PA,A,C,1355,1,[10324]
1FM-2C,B,N,3552,5,"[692, 5859, 4602, 8388, 4920]"
1FM-2C,A,C,3607,5,"[7409, 2109, 10401, 3167, 318]"
1PA,M,NS,1001,1,[]
1PE,M,J,19,1,[]
1PA,A,N,1638,1,[2526]
1PA,O,S,1668,1,[]
1PE,A,C,494,1,[6061]
1FM-2C,A,C,3647,3,[]
1H-2C,M,C,4149,2,[]
1PA,O,M,688,1,[6222]
1FL-2C,M,S,4058,4,[]
1PA,A,C,1609,1,[1219]
1FL-nA,O,J,2940,5,[]
1H-2C,A,H,4155,5,[]
1PA,W,C,1010,1,[948]
1FL-2C,W,NS,4110,3,"[3559, 6190, 5463]"
1FL-2C,W,C,4012,5,"[5651, 7186, 3209, 979, 4524]"
1PA,W,O,1678,1,[]
1FM-0C,O,H,2000,2,[]
1PA,W,M,1311,1,[8190]
1FM-0C,O,O,1988,2,[]
1FC-0C,M,S,2641,2,[]
1PE,W,H,345,1,[]
1H-2C,B,N,4187,2,"[1671, 5382]"
1PA,W,O,987,1,[3891]
1FM-2C,A,NS,3675,3,[]
1FM-2C,B,NS,3241,4,[]
1FM-0C,M,N,2226,2,[]
1PA,M,O,1143,1,[]
1PA,M,H,1199,1,[]
1PE,O,H,86,1,[]
1PA,W,NS,1519,1,[2156]
1H-nE,W,H,3011,1,[8642]
1PA,O,NS,1382,1,[]
1H-nA,M,NS,3102,4,"[4905, 3736, 7551, 9505]"
1PA,W,H,1015,1,[10342]
1PE,O,B,129,1,[]
1PA,A,J,1365,1,[]
1FC-0C,W,H,2621,2,"[5776, 3321]"
1FL-2C,M,C,4131,3,[]
1PA,A,J,892,1,[]
1H-nA,M,O,3083,2,"[1078, 5890]"
1PA,O,O,1360,1,[]
1PE,W,NS,308,1,[13]
1FL-2C,M,H,4086,2,[]
1PA,M,C,1318,1,[]
1FM-2C,W,H,3224,3,[]
1H-nA,O,C,3155,2,"[2000, 9510]"
1PA,O,C,1209,1,[]
1FM-2C,B,C,3545,3,[]
1H-nA,O,C,3205,2,"[2245, 8635]"
1FM-0C,M,NS,2209,2,[]
1PA,M,C,1240,1,[9881]
1PE,W,J,276,1,[]
1PE,M,O,490,1,[]
1FM-2C,W,NS,3472,5,"[894, 8876, 4604, 1720, 9607]"
1PA,O,C,1230,1,[]
1FM-2C,B,N,3641,6,"[514, 4894, 8698, 7579, 4327, 7603]"
1FC-nA,M,M,2918,4,[]
1FM-2C,A,B,3597,3,[]
1H-nA,B,J,3035,1,[4216]
1PA,W,O,1059,1,[1386]
1FM-0C,W,O,2167,2,[]
1PE,O,O,282,1,[]
1FC-0C,O,O,2581,2,[]
1PA,W,H,1317,1,[10698]
1PA,M,B,969,1,[]
1FC-0C,M,M,2822,2,[]
1H-2C,M,C,4188,2,[]
1FC-0C,B,S,2785,2,[]
1PA,O,H,620,1,[]
1FL-2C,O,NS,3933,5,[]
1FE,A,O,1743,2,[]
1FM-2C,A,H,3605,3,[]
1FC-nA,A,O,2911,4,[]
1FE,A,O,1848,2,[]
1PA,M,O,1580,1,[]
1PA,A,C,1656,1,[1660]
1FM-0C,A,S,2213,2,[]
1FM-0C,M,C,2021,2,[]
1FM-0C,O,H,1957,2,[]
1PA,W,NS,1308,1,[1198]
1FM-0C,O,O,2004,2,[]
1PE,B,O,576,1,[]
1PA,M,N,1707,1,[10097]
1FC-0C,M,H,2700,2,[]
1FC-0C,M,O,2508,2,[]
1FC-2C,M,J,3867,3,[]
1PA,W,N,862,1,[10696]
1FE,W,C,1802,2,"[9790, 3488]"
1PA,M,H,1629,1,[]
1FM-0C,O,C,1994,2,[]
1PE,O,S,270,1,[]
1PA,M,C,630,1,[8721]
1PE,W,NS,301,1,[2932]
1FL-2C,M,NS,3952,2,[]
1PA,O,O,1448,1,[]
1PA,O,O,1473,1,[]
1FM-0C,O,NS,2047,2,[]
1FL-2C,B,O,3954,2,[]
1FC-0C,A,H,2715,2,[]
1FM-0C,W,J,2114,2,[]
1FL-2C,A,N,4104,5,"[6316, 5681, 4780, 9306, 6157]"
1FC-0C,O,NS,2765,2,[]
1FC-2C,A,B,3821,3,[]
1FC-0C,A,O,2759,2,[]
1FM-0C,O,NS,2009,2,[]
1PE,A,NS,504,1,[]
1FM-0C,A,C,2308,2,"[8826, 2077]"
1H-nA,A,M,3028,1,[4310]
1PE,W,S,381,1,[4649]
1FC-2C,M,S,3928,3,[]
1PA,W,H,1526,1,[6560]
1FC-2C,M,H,3908,4,[]
1PE,M,C,375,1,[]
1FM-nA,M,C,2352,4,[]
1FM-2C,A,M,3231,3,"[9802, 6867, 6111]"
1PA,B,C,940,1,[4977]
1H-2C,A,S,4151,3,[]
1H-nA,M,N,3024,5,"[3135, 1281, 5813, 3339, 172]"
1FM-0C,M,B,2148,2,[]
1FC-0C,O,O,2754,2,[]
1FM-0C,W,C,2069,2,"[9221, 8326]"
1PE,O,C,530,1,[]
1FC-0C,B,M,2692,2,"[9083, 5608]"
1PA,W,H,637,1,[4833]
1PA,O,C,1270,1,[]
1PE,W,C,186,1,[10147]
1FC-0C,O,N,2755,2,[]
1FM-0C,M,B,2290,2,[]
1FC-0C,M,O,2496,2,[]
1FE,M,S,1798,3,[]
1PA,B,C,1442,1,[10008]
1PA,A,H,1536,1,[]
1PA,A,B,1274,1,[]
1PA,M,O,608,1,[]
1PA,W,O,1713,1,[]
1FL-2C,M,H,3997,3,[]
1PA,M,J,956,1,[]
1FC-0C,O,B,2806,2,[]
1FM-2C,W,C,3311,4,"[1336, 4661, 2043, 5222]"
1FL-2C,M,J,3998,3,[]
1FM-0C,A,C,2072,2,"[4699, 181]"
1FM-2C,O,NS,3694,4,[]
1FM-0C,M,C,1978,2,[]
1PE,B,B,159,1,[]
1FE,M,H,1749,1,[]
1H-2C,A,S,4195,3,[]
1PA,W,J,903,1,[4952]
1PE,O,S,353,1,[]
1PA,A,NS,1231,1,[201]
1FC-2C,M,J,3836,4,[]
1FM-0C,W,J,2141,2,[]
1PE,O,NS,445,1,[]
1H-2C,A,C,4192,2,"[10632, 7761]"
1PA,A,C,755,1,[1776]
1FE,M,O,1738,2,[]
1H-2C,A,NS,4222,2,[]
1PE,M,C,312,1,[]
1PE,M,S,549,1,[]
1H-nE,B,S,3008,1,[5167]
1FM-2C,A,J,3321,3,[]
1PE,W,N,307,1,[1337]
1PA,O,O,695,1,[]
1FM-0C,B,C,1928,2,"[6764, 4184]"
1FM-2C,M,B,3376,3,[]
1PA,W,C,750,1,[4898]
1FM-0C,M,C,2343,2,[]
1PA,M,N,1267,1,[1003]
1FM-nA,W,B,2371,3,"[10788, 3440, 6450]"
1FM-2C,M,N,3367,4,[]
1FC-0C,A,O,2865,2,[]
1PA,A,NS,971,1,[9442]
1PE,M,C,14,1,[4880]
1PA,B,C,874,1,[4508]
1PA,B,B,809,1,[6458]
1PE,M,NS,515,1,[]
1FM-2C,O,O,3518,4,[]
1PE,O,C,410,1,[]
1FC-0C,B,C,2459,2,"[4344, 4503]"
1FM-2C,A,H,3585,5,[]
1PE,O,O,208,1,[]
1H-nA,M,O,3101,1,[5555]
1PE,O,O,459,1,[]
1FM-2C,O,J,3443,6,[]
1FC-0C,B,NS,2647,2,[]
1H-nA,W,N,3193,2,"[10765, 7516]"
1FC-0C,M,O,2703,2,[]
1FM-2C,M,NS,3333,3,[]
1FE,A,H,1884,2,[]
1PA,O,C,1714,1,[]
1FM-2C,B,J,3719,5,[]
1FC-0C,M,M,2452,2,[]
1PE,O,C,553,1,[]
1FL-2C,A,B,4079,3,[]
1FM-0C,W,H,2271,2,[]
1FL-2C,O,N,4005,3,[]
1FM-0C,B,H,1926,2,[]
1PA,O,J,635,1,[]
1FL-2C,M,J,4045,3,[]
1PE,O,O,317,1,[]
1FM-2C,M,O,3620,5,[]
1FC-2C,O,M,3883,4,[]
1PA,O,H,1329,1,[]
1PE,M,J,428,1,[]
1H-2C,O,NS,4205,2,[]
1PE,O,O,106,1,[]
1PE,O,O,143,1,[]
1FM-0C,M,N,2170,2,[]
1FC-0C,O,H,2500,2,[]
1FM-2C,W,N,3459,3,"[5006, 1324, 5567]"
1FM-0C,A,NS,2242,2,[]
1FC-0C,M,N,2481,2,"[6116, 1601]"
1FM-0C,A,NS,2164,2,[]
1FM-0C,O,C,1950,2,[]
1FC-2C,O,S,3910,3,[]
1FM-0C,O,B,2273,2,[]
1FL-2C,M,C,4096,3,[]
1FC-2C,W,C,3850,3,"[2205, 8297, 2292]"
1H-2C,O,NS,4201,2,[]
1FM-0C,O,C,1952,2,[]
1FM-2C,A,C,3293,6,"[827, 8398, 2014, 8863, 10535, 6616]"
1H-nA,O,NS,3211,1,[7328]
1FC-2C,M,O,3843,5,[]
1PA,W,J,1110,1,[6657]
1FC-0C,O,B,2595,2,[]
1PE,M,N,592,1,[]
1FL-2C,M,NS,4081,2,[]
1PA,B,H,1577,1,[]
1H-nA,M,J,3050,1,[2298]
1PE,M,C,214,1,[]
1PA,W,O,779,1,[1455]
1H-nA,O,M,3136,2,"[2215, 1150]"
1FM-2C,A,C,3638,4,[]
1FM-0C,M,C,2044,2,[]
1FM-2C,A,H,3624,3,[]
1FC-0C,M,H,2534,2,[]
1FC-0C,B,NS,2750,2,[]
1PA,M,C,1568,1,[]
1FM-2C,W,S,3327,3,[]
1FC-2C,B,NS,3903,3,[]
1FC-0C,O,J,2593,2,[]
1FL-2C,B,S,3974,4,[]
1PA,M,O,1344,1,[]
1FM-0C,M,B,2014,2,[]
1PE,A,S,274,1,[]
1PE,W,C,72,1,[2015]
1PA,M,N,1088,1,[596]
1PE,A,S,395,1,[]
1PE,M,C,584,1,[]
1PA,M,J,1368,1,[]
1FL-nA,M,M,2942,2,[]
1FL-2C,M,NS,3977,2,[]
1FL-2C,M,C,4017,3,[]
1FM-2C,M,NS,3407,4,[]
1FC-0C,A,C,2555,2,"[10523, 3944]"
1FE,O,B,1764,2,[]
1FM-2C,A,J,3312,4,[]
1PA,O,H,1260,1,[]
1FM-0C,W,NS,2254,2,"[4245, 6969]"
1PE,O,C,527,1,[]
1PE,O,M,378,1,[]
1PA,M,C,1560,1,[]
1FC-0C,O,NS,2756,2,[]
1FM-0C,O,J,1964,2,[]
1FL-2C,W,O,3931,6,[]
1PE,W,O,349,1,[]
1FM-0C,M,O,2247,2,[]
1H-nA,M,B,3025,2,"[556, 7058]"
1PA,M,C,1710,1,[]
1PA,W,O,1051,1,[4605]
1PE,M,J,591,1,[]
1PE,M,C,520,1,[]
1FM-2C,A,N,3548,3,"[10400, 4509, 3186]"
1FL-nA,M,C,2973,2,[]
1PA,O,M,1084,1,[]
1FM-2C,W,NS,3382,3,"[2542, 5039, 3963]"
1FL-2C,A,J,4000,3,[]
1PA,A,M,1295,1,[4979]
1FE,M,N,1810,3,[]
1PA,O,M,792,1,[]
1PA,W,C,793,1,[4006]
1FM-2C,A,O,3515,3,[]
1FM-0C,O,O,1981,2,[]
1FC-0C,B,C,2813,2,[]
1FM-nA,O,NS,2443,4,[]
1PA,O,C,1531,1,[]
1PA,O,J,1411,1,[]
1H-nA,M,S,3209,1,[94]
1FM-2C,A,NS,3485,3,[]
1PE,B,O,84,1,[]
1FM-2C,M,N,3453,3,[]
1FM-nA,B,S,2351,3,[]
1PE,M,NS,21,1,[]
1FC-0C,W,O,2471,2,[]
1PA,W,NS,1563,1,[5837]
1PA,W,O,974,1,[6592]
1PA,O,NS,1711,1,[]
1FC-0C,O,J,2863,2,[]
1PA,M,C,1099,1,[9160]
1FM-2C,W,B,3650,5,[]
1PA,A,C,887,1,[5065]
1FC-0C,O,C,2659,2,[]
1FM-2C,M,O,3394,3,[]
1FC-2C,M,M,3768,4,[]
1PA,A,C,738,1,[6006]
1PA,B,J,1454,1,[]
1FC-0C,W,H,2856,2,[]
1H-2C,M,B,4167,2,[]
1FM-0C,B,M,2127,2,[210]
1PA,M,N,907,1,[2070]
1FC-0C,W,NS,2640,2,"[2039, 1428]"
1FM-2C,A,O,3227,3,[]
1FM-nA,O,M,2429,3,[]
1PA,O,N,948,1,[5507]
1FL-2C,W,C,4103,3,"[9737, 1354, 2345]"
1FL-2C,W,C,3932,6,"[9355, 444, 4613, 6865, 5979, 1050]"
1PA,M,NS,716,1,[888]
1FC-nA,O,C,2916,5,[]
1PA,W,C,687,1,[4254]
1FM-2C,O,C,3759,3,[]
1FM-nA,B,O,2354,4,[]
1FM-0C,M,C,2258,2,[]
1FM-2C,O,O,3236,4,[]
1PE,M,O,22,1,[]
1PA,M,B,886,1,[]
1FM-2C,W,O,3351,3,[]
1PA,O,O,918,1,[]
1FC-0C,A,J,2707,2,[]
1H-2C,A,B,4154,2,[]
1FC-0C,M,O,2770,2,[]
1PA,O,M,1266,1,[]
1PE,M,S,484,1,[]
1FM-2C,M,H,3289,3,[]
1FC-2C,A,H,3808,3,[]
1PE,M,H,278,1,[]
1PA,W,O,989,1,[4837]
1FM-0C,O,H,2085,2,[]
1PA,W,H,1246,1,[10047]
1FM-nA,M,C,2383,5,[]
1PE,M,S,572,1,[]
1PA,O,J,1436,1,[]
1PA,B,C,994,1,[7674]
1FC-0C,B,C,2494,2,"[7231, 5846]"
1FM-2C,W,N,3715,6,"[9033, 8471, 5286, 3616, 8171, 3276]"
1PE,M,H,586,1,[]
1FC-0C,B,B,2648,2,[]
1PA,O,H,1350,1,[]
1PA,O,N,1008,1,[702]
1PA,W,J,675,1,[8932]
1FM-nA,B,S,2413,3,[]
1PE,M,O,448,1,[]
1FC-0C,M,C,2510,2,[]
1FM-2C,M,C,3294,8,[]
1FM-0C,W,C,2065,2,"[4208, 9052]"
1FM-2C,M,H,3506,3,[]
1FM-2C,A,H,3735,3,[]
1PA,W,O,1691,1,[]
1FM-2C,M,J,3634,3,[]
1PA,B,C,1248,1,[9593]
1FM-0C,A,O,1986,2,[]
1PE,W,O,295,1,[]
1PA,B,O,1548,1,[]
1FM-0C,A,NS,2013,2,[]
1PE,W,H,589,1,[]
1FM-nA,M,O,2404,3,[]
1FM-0C,W,H,2130,2,[]
1FM-2C,B,C,3366,4,[]
1FM-2C,M,NS,3222,3,[]
1PE,B,J,426,1,[]
1PA,M,C,1055,1,[6565]
1FM-2C,W,J,3663,6,[]
1PE,A,J,557,1,[]
1FM-2C,O,C,3319,4,[]
1FC-0C,O,M,2835,2,[]
1FC-2C,O,M,3927,3,[]
1H-nA,B,B,3049,4,"[8816, 10186, 7728, 8238]"
1FC-2C,M,J,3898,3,[]
1FL-nA,A,O,2969,4,[]
1PA,A,NS,1194,1,[3482]
1PA,A,O,1717,1,[]
1FL-2C,M,J,4037,5,[]
1FL-2C,A,S,3968,3,[]
1FM-nA,B,N,2401,3,"[6706, 1097, 6684]"
1FM-0C,M,B,2140,2,[]
1FM-nA,M,N,2384,3,[]
1FC-2C,O,NS,3846,4,[]
1PA,W,C,1286,1,[887]
1FC-0C,W,O,2737,2,[]
1FC-0C,M,J,2766,2,[]
1FM-2C,A,O,3513,4,[]
1FM-0C,M,O,2088,2,[]
1FM-0C,O,NS,1890,2,[]
1PA,O,H,1592,1,[]
1FC-2C,A,C,3884,4,"[8165, 567, 3950, 8236]"
1FM-0C,M,S,2163,2,[]
1FM-nA,O,C,2397,6,[]
1H-nA,W,S,3078,3,"[9686, 1936, 1686]"
1FM-0C,O,S,2272,2,[]
1FM-2C,O,J,3544,3,[]
1PA,O,B,1138,1,[]
1FC-0C,M,M,2804,2,[]
1PA,O,S,973,1,[]
1PA,O,N,796,1,[2943]
1PA,O,NS,1712,1,[]
1FM-2C,B,O,3636,6,[]
1PE,O,NS,454,1,[]
1PA,B,C,914,1,[10378]
1FL-nA,A,B,2937,3,[]
1PA,A,NS,1200,1,[4693]
1PA,B,NS,1275,1,[]
1FM-nA,A,NS,2376,5,[]
1PE,M,NS,38,1,[]
1PA,O,NS,975,1,[]
1PA,M,H,984,1,[]
1FM-2C,M,C,3574,3,[]
1PA,O,C,1419,1,[]
1PA,M,B,1561,1,[]
1PE,M,C,40,1,[]
1PA,A,N,1487,1,[5544]
1H-nA,M,J,3189,2,"[5120, 5961]"
1PE,O,C,170,1,[]
1PA,B,B,1356,1,[]
1FC-0C,M,H,2851,2,[]
1FL-2C,B,C,3957,2,[]
1FC-0C,W,O,2878,2,[]
1FL-2C,M,B,4100,5,[]
1PA,M,C,1641,1,[]
1PA,O,O,1291,1,[]
1PA,W,O,1381,1,[7686]
1FM-0C,O,C,1934,2,[]
1PE,M,N,580,1,[]
1H-nA,M,O,3094,1,[7252]
1FM-0C,M,C,2031,2,[]
1PA,M,B,893,1,[]
1PA,B,C,781,1,[4223]
1PE,A,H,160,1,[]
1PE,O,J,3,1,[]
1H-nS,B,NS,3001,5,"[3324, 7814, 2915, 7791, 257]"
1FM-2C,O,NS,3627,3,[]
1PA,O,NS,850,1,[]
1FC-0C,O,NS,2467,2,[]
1FC-0C,W,C,2674,2,"[7884, 9049]"
1PA,O,NS,1597,1,[]
1FE,B,C,1777,2,[]
1FM-0C,M,J,1914,2,[]
1PA,M,O,1044,1,[]
1PA,O,H,1545,1,[]
1FL-2C,W,O,4117,2,[]
1PE,W,C,54,1,[8585]
1FE,A,O,1797,1,[]
1FM-0C,M,S,1912,2,[]
1H-nA,A,C,3110,2,"[4991, 5568]"
1FC-0C,W,J,2554,2,[]
1FL-nA,A,H,2941,2,[]
1FL-nA,M,NS,2975,3,[]
1PA,M,S,825,1,[]
1FL-2C,O,H,3937,6,[]
1PA,O,NS,1390,1,[]
1FM-2C,M,C,3603,5,[]
1FM-2C,W,O,3747,3,[]
1PA,B,O,1608,1,[]
1PA,A,C,1595,1,[6228]
1PA,O,M,772,1,[2240]
1FM-0C,M,NS,2274,2,[]
1FE,O,H,1869,3,[]
1PA,A,O,1086,1,[]
1FL-nA,M,C,2986,4,[]
1PA,M,C,1326,1,[]
1PA,O,N,1464,1,[]
1PA,O,O,807,1,[]
1H-2C,M,H,4163,3,[]
1FC-0C,M,O,2721,2,[]
1FM-0C,M,S,2109,2,[]
1H-nA,M,S,3115,2,"[1308, 4480]"
1H-2C,O,C,4200,2,[]
1FM-0C,O,C,2235,2,[]
1PA,O,H,964,1,[]
1PE,A,O,399,1,[]
1FL-2C,W,N,4112,2,"[8089, 8253]"
1PA,B,C,705,1,[7228]
1PE,M,H,432,1,[]
1PE,A,J,293,1,[]
1FL-2C,O,O,4125,3,[]
1PE,M,J,146,1,[]
1FL-nA,O,N,2997,4,[]
1FM-0C,O,NS,2034,2,[]
1H-nA,O,O,3080,2,"[4717, 3802]"
1PA,O,J,1166,1,[]
1FM-0C,W,M,2051,2,"[3553, 2641]"
1FL-2C,W,O,3939,2,[]
1PE,M,O,340,1,[]
1FC-0C,A,C,2656,2,"[587, 1628]"
1PE,O,NS,266,1,[]
1FM-nA,O,H,2425,8,[]
1FC-2C,O,O,3825,3,[]
1FE,O,N,1772,2,[]
1PE,O,O,272,1,[]
1PA,O,C,697,1,[]
1PA,W,H,748,1,[7865]
1PE,O,NS,245,1,[]
1PE,O,J,318,1,[]
1PE,O,C,477,1,[]
1FM-0C,M,O,2033,2,[]
1FM-2C,A,M,3739,4,"[8086, 10643, 421, 4424]"
1FC-0C,M,C,2753,2,[]
1PA,B,S,814,1,[9488]
1FM-0C,M,NS,1915,2,[]
1FM-2C,O,N,3714,3,[]
1PA,W,J,1298,1,[]
1FE,O,NS,1805,4,[]
1H-nA,B,O,3163,1,[7981]
1PE,O,C,251,1,[]
1FC-0C,M,S,2462,2,[]
1PE,A,C,546,1,[1815]
1PA,B,C,739,1,[3710]
1PE,M,N,311,1,[]
1PA,W,S,1132,1,[3670]
1PA,M,O,1450,1,[]
1H-2C,O,C,4169,2,[]
1PE,M,C,16,1,[]
1FC-2C,O,C,3859,3,[]
1H-nA,O,O,3072,2,"[5835, 7405]"
1FC-2C,O,S,3906,3,[]
1FM-2C,W,C,3530,3,"[3190, 6256, 364]"
1PE,B,J,364,1,[]
1PE,B,NS,183,1,[]
1PA,O,NS,1195,1,[]
1FC-0C,M,N,2716,2,"[8468, 5934]"
1PA,B,O,1122,1,[]
1FM-0C,M,O,2236,2,[]
1PA,A,B,1183,1,[]
1H-nA,M,O,3208,3,"[9208, 9888, 1276]"
1PA,O,N,615,1,[9864]
1PA,M,B,1467,1,[]
1PE,M,C,402,1,[]
1PA,W,O,935,1,[3571]
1FM-nA,O,C,2420,4,[]
1FC-0C,O,O,2895,2,[]
1FC-0C,B,O,2642,2,[]
1FM-2C,B,C,3274,3,[]
1PA,M,H,727,1,[]
1PA,A,H,827,1,[3384]
1PA,W,H,1522,1,[10375]
1PE,M,O,137,1,[]
1PA,A,NS,629,1,[3978]
1PE,M,C,335,1,[]
1PE,M,C,391,1,[]
1FM-2C,B,O,3364,4,[]
1FE,A,C,1818,2,"[3972, 4459]"
1FL-2C,B,S,3956,4,[]
1PA,A,S,711,1,[4051]
1PA,M,O,1040,1,[]
1FC-0C,M,O,2869,2,[]
1FC-2C,A,C,3802,4,"[9795, 653, 4580, 5044]"
1PA,B,N,1562,1,[7655]
1FL-2C,M,NS,4038,7,[]
1FM-2C,O,C,3690,4,[]
1PA,O,NS,1113,1,[]
1FC-0C,A,NS,2514,2,[]
1PA,O,S,1224,1,[]
1H-2C,M,O,4177,5,[]
1FM-nA,W,H,2422,4,[]
1PA,O,O,1509,1,[]
1FE,A,S,1751,2,[]
1FL-2C,O,NS,3940,2,[]
1PE,W,N,339,1,[6240]
1PE,M,C,216,1,[]
1PA,W,C,1342,1,[10312]
1FL-2C,M,N,4066,3,[]
1PA,M,H,1521,1,[]
1FC-0C,M,H,2834,2,[]
1H-2C,W,C,4226,3,"[2219, 8220, 9383]"
1FL-nA,O,J,2956,2,[]
1FM-0C,O,H,2323,2,[]
1FC-0C,M,C,2572,2,[]
1PE,W,C,102,1,[913]
1H-nA,O,NS,3134,1,[9609]
1PE,A,O,172,1,[]
1PE,A,NS,108,1,[]
1FM-2C,M,S,3668,4,[]
1H-2C,O,O,4232,2,[]
1H-nA,O,C,3210,4,"[2668, 10671, 3654, 6842]"
1FC-nA,M,J,2923,3,[]
1FC-0C,M,J,2781,2,[]
1FL-nA,W,N,2972,2,"[10325, 8354]"
1FL-nA,W,NS,2930,2,"[3357, 3897]"
1FM-2C,W,C,3283,5,"[9914, 7002, 5848, 9677, 3844]"
1FM-2C,W,N,3408,5,"[1479, 1708, 6027, 3289, 5607]"
1FC-2C,W,O,3774,4,[]
1PA,A,O,1041,1,[]
1H-nA,O,C,3054,1,[7861]
1FM-0C,O,B,2121,2,[]
1PA,M,O,1525,1,[]
1FM-2C,M,O,3752,6,[]
1FM-0C,M,O,2249,2,[]
1PE,W,S,482,1,[8307]
1FC-2C,W,S,3866,6,[]
1FM-2C,W,NS,3233,8,[10245]
1FE,M,C,1763,4,[]
1FM-2C,M,S,3577,4,[]
1FM-2C,M,M,3723,5,[]
1H-nA,A,NS,3026,4,"[7661, 4195, 9173, 2561]"
1FL-nA,M,C,2988,4,[]
1PE,M,O,406,1,[]
1PA,B,C,758,1,[8317]
1FC-0C,M,C,2712,2,[]
1FC-0C,W,H,2671,2,[]
1FL-2C,A,C,4001,2,"[8809, 2099]"
1PE,M,O,98,1,[]
1PA,M,S,1334,1,[]
1FM-2C,W,J,3486,3,[]
1FL-2C,M,J,4056,6,[]
1FC-0C,B,C,2877,2,[]
1FM-2C,M,M,3460,3,[]
1FM-0C,B,O,2059,2,[]
1H-nA,A,J,3075,4,"[889, 4089, 8553, 2710]"
1PE,W,NS,149,1,[1855]
1PE,B,S,29,1,[]
1FL-nA,A,J,2990,2,[]
1FC-0C,M,C,2881,2,[]
1PA,W,O,693,1,[3268]
1PA,A,NS,1387,1,[1461]
1FE,B,C,1846,4,[]
1FL-nA,M,C,2995,2,[]
1PA,M,NS,1600,1,[]
1FM-2C,M,C,3282,3,[]
1PA,A,S,702,1,[10570]
1PA,M,O,1709,1,[]
1PE,W,N,455,1,[7233]
1FM-0C,A,NS,2041,2,[]
1H-nA,O,O,3058,3,"[6163, 1633, 5313]"
1FM-0C,M,H,2316,2,[]
1PA,O,J,610,1,[]
1PE,W,H,168,1,[]
1PA,W,H,731,1,[10016]
1FM-2C,O,H,3753,3,[]
1FL-2C,O,H,3938,4,[]
1FC-0C,A,C,2904,2,"[4924, 8529]"
1PA,W,H,1623,1,[4801]
1PE,M,J,588,1,[]
1PA,O,H,1402,1,[]
1PA,M,S,1701,1,[]
1FC-2C,O,J,3907,5,[]
1FM-2C,W,J,3452,3,[]
1PA,M,O,1380,1,[]
1FM-0C,W,J,2090,2,[]
1FM-0C,M,N,2176,2,[]
1H-nA,B,C,3151,3,"[7426, 2044, 5003]"
1FC-0C,A,O,2814,2,[]
1FC-0C,B,J,2658,2,[]
1H-2C,W,O,4209,3,[]
1PE,O,C,442,1,[]
1FL-2C,M,C,4041,8,[]
1FM-0C,O,O,2052,2,[]
1FC-0C,A,O,2542,2,[]
1PA,W,C,1302,1,[2875]
1FM-2C,A,H,3721,6,[]
1PA,B,J,1305,1,[]
1PE,W,O,237,1,[]
1FC-0C,B,O,2600,2,[]
1PE,B,C,521,1,[]
1FC-0C,W,C,2574,2,"[268, 4450]"
1FC-0C,M,O,2769,2,[]
1PA,A,C,736,1,[73]
1FC-2C,A,C,3890,3,"[1943, 1108, 8505]"
1FM-0C,O,B,2107,2,[]
1FC-0C,M,M,2680,2,[]
1FC-0C,B,C,2762,2,[]
1PE,M,J,593,1,[]
1PA,W,NS,1304,1,[3427]
1PA,O,H,1388,1,[]
1FC-0C,M,H,2844,2,[]
1FM-2C,A,H,3245,4,[]
1FL-2C,O,N,4084,4,[]
1PA,O,C,905,1,[]
1FM-2C,A,J,3726,3,[]
1PA,O,H,1280,1,[]
1FM-2C,M,NS,3503,4,[]
1H-2C,M,H,4153,2,[]
1FM-0C,O,H,2309,2,[]
1FM-2C,A,C,3484,4,"[6920, 5396, 4258, 2787]"
1FM-2C,W,NS,3600,4,"[5259, 2098, 3240, 4657]"
1FM-2C,B,O,3483,3,[]
1PA,A,NS,707,1,[2312]
1FC-2C,W,C,3872,4,"[295, 1569, 5684, 3643]"
1PA,O,C,746,1,[]
1FM-0C,M,B,1940,2,[]
1FM-2C,M,NS,3393,3,[]
1FM-2C,M,O,3427,3,[]
1PE,O,N,514,1,[]
1PE,W,O,82,1,[10069]
1H-2C,O,C,4219,3,[]
1PA,O,C,1309,1,[]
1FM-2C,W,B,3643,3,[]
1PA,W,O,915,1,[9398]
1FL-2C,W,S,4043,3,[]
1FL-2C,O,J,4026,4,[]
1PA,O,N,775,1,[9469]
1PE,M,H,330,1,[]
1FM-0C,O,O,2055,2,[]
1FM-0C,W,C,2002,2,"[489, 6618]"
1PA,O,H,944,1,[]
1PA,A,O,823,1,[8116]
1FM-2C,O,S,3609,3,[]
1PA,O,J,910,1,[]
1FC-0C,A,C,2517,2,"[8353, 9781]"
1PE,M,C,182,1,[]
1PE,O,O,165,1,[]
1PA,W,O,1524,1,[1466]
1PE,O,H,452,1,[]
1FC-0C,A,NS,2539,2,[]
1PA,M,S,1312,1,[]
1PA,W,N,1112,1,[1609]
1FM-2C,O,C,3640,4,[]
1PA,O,H,1288,1,[]
1H-nA,M,M,3033,2,"[1130, 2445]"
1FM-2C,O,O,3652,5,[]
1PE,B,M,328,1,[]
1FE,B,O,1791,4,[]
1FC-0C,B,NS,2491,2,[]
1FC-2C,M,C,3894,4,[]
1FM-0C,O,N,2008,2,[]
1FE,O,NS,1859,3,[]
1FC-2C,M,C,3863,4,[]
1PE,O,C,313,1,[]
1PA,O,M,833,1,[]
1PA,O,B,1202,1,[]
1FL-2C,A,J,4024,2,[]
1H-nA,A,J,3165,3,"[2761, 15, 6784]"
1FM-0C,B,B,2135,2,[]
1FM-0C,M,J,2210,2,[]
1FM-2C,W,J,3379,3,[]
1PA,M,C,1482,1,[]
1PA,O,C,778,1,[]
1PA,A,J,800,1,[]
1PE,A,O,55,1,[]
1FM-0C,W,O,1921,2,[]
1FC-2C,M,C,3789,3,[]
1FM-2C,M,O,3541,4,[]
1PA,A,NS,1702,1,[]
1FM-0C,M,J,2162,2,[]
1PA,B,O,1137,1,[]
1PA,A,H,988,1,[2096]
1FM-2C,W,N,3449,3,"[5479, 559, 8122]"
1H-nA,O,B,3139,2,"[1848, 5505]"
1PA,O,B,1395,1,[]
1FC-0C,A,C,2638,2,"[3421, 1272]"
1PA,A,S,769,1,[452]
1FC-2C,A,C,3889,3,"[8433, 8493, 4030]"
1PE,O,H,286,1,[]
1FC-2C,M,O,3865,5,[]
1PE,B,H,429,1,[]
1FM-0C,M,C,2333,2,[]
1FC-0C,W,C,2718,2,"[5969, 3310]"
1FM-0C,O,M,2080,2,[]
1PA,O,O,723,1,[]
1PA,W,NS,952,1,[4302]
1FM-2C,A,C,3332,4,"[5394, 4278, 2535, 3720]"
1FM-0C,A,J,2263,2,[]
1PA,O,C,990,1,[]
1FL-2C,O,NS,4090,2,[]
1FL-nA,M,N,2958,2,"[6090, 3601]"
1PE,B,O,327,1,[]
1FC-0C,W,M,2609,2,"[8966, 4516]"
1PA,O,O,1384,1,[]
1FE,W,O,1725,1,[]
1PA,W,H,1087,1,[9227]
1FM-2C,M,S,3521,4,[]
1PE,O,C,342,1,[]
1PE,M,NS,148,1,[]
1FM-2C,W,O,3405,4,[]
1PA,W,C,1108,1,[9050]
1PA,O,O,849,1,[]
1PA,M,C,967,1,[10664]
1FM-2C,M,NS,3596,3,[]
1FM-0C,A,J,2204,2,[]
1FM-2C,M,NS,3232,6,[]
1PA,B,S,662,1,[10239]
1PA,O,NS,1003,1,[]
1FM-2C,O,O,3409,3,[]
1FM-2C,M,J,3684,3,[]
1FM-2C,W,C,3413,3,"[5827, 1785, 2168]"
1FC-2C,M,O,3893,6,[]
1FE,M,C,1880,2,[]
1FL-2C,M,O,4115,2,[]
1PA,M,H,1204,1,[]
1FM-0C,B,C,1991,2,[]
1PE,W,J,25,1,[]
1FL-2C,W,C,4113,3,"[4630, 6658, 9868]"
1FL-nA,B,S,2953,3,[]
1H-nA,O,NS,3031,2,"[5334, 10758]"
1FM-2C,A,H,3353,4,[]
1PA,M,S,876,1,[]
1FL-2C,M,H,3951,2,[]
1PA,A,C,939,1,[3363]
1FC-0C,W,C,2688,2,"[8961, 1182]"
1FM-nA,M,C,2395,4,[]
1FM-2C,W,C,3667,4,"[361, 6749, 896, 2432]"
1H-2C,M,NS,4223,4,[]
1PE,A,N,386,1,[10123]
1H-2C,M,H,4178,2,[]
1FM-2C,O,B,3669,3,[]
1H-2C,O,O,4210,3,[]
1FM-0C,W,J,2292,2,[]
1H-nA,A,C,3046,1,[2366]
1PA,B,C,937,1,[4070]
1FC-2C,O,C,3781,4,[]
1FM-nA,O,NS,2361,4,[]
1PE,M,M,202,1,[]
1PA,M,S,1333,1,[]
1FC-0C,W,J,2709,2,[]
1FM-0C,W,J,1935,2,[]
1PA,A,NS,936,1,[3683]
1FM-nA,A,C,2419,3,"[5800, 716, 5962]"
1PE,W,O,567,1,[]
1FE,M,O,1855,1,[]
1FC-0C,M,M,2873,2,[]
1FM-2C,M,C,3535,4,[]
1FC-0C,O,C,2468,2,[]
1PA,M,H,1646,1,[]
1FM-2C,O,NS,3457,3,[]
1FC-0C,M,J,2862,2,[]
1FE,O,C,1793,1,[]
1PA,W,C,1431,1,[10494]
1FC-0C,A,J,2827,2,[]
1FM-2C,W,N,3480,5,"[1126, 815, 6942, 10738, 4063]"
1PA,O,NS,1014,1,[]
1FM-0C,W,M,1929,2,"[3213, 4626]"
1FM-2C,B,NS,3278,4,[]
1PE,M,O,127,1,[]
1H-nA,A,O,3053,2,"[7703, 1949]"
1FL-nA,O,C,2936,2,[]
1PA,M,J,1348,1,[]
1PE,W,H,356,1,[]
1FC-0C,W,C,2731,2,"[2842, 3680]"
1PA,O,C,828,1,[]
1PA,W,B,1640,1,[7867]
1PA,O,S,985,1,[]
1FM-0C,M,O,2189,2,[]
1FM-2C,M,O,3734,3,[]
1FM-nA,M,NS,2444,5,[]
1PE,B,O,363,1,[]
1FM-0C,A,NS,2350,2,[]
1PE,M,O,346,1,[]
1H-nS,O,C,3004,4,"[2129, 10415, 6664, 3854]"
1FL-2C,O,O,4010,4,[]
1PA,O,H,712,1,[]
1FM-2C,O,NS,3473,3,[]
1FL-2C,M,NS,4032,2,[]
1H-nE,O,H,3009,1,[5047]
1PE,M,O,11,1,[]
1FM-2C,O,H,3522,4,[]
1FM-0C,A,C,2117,2,"[1074, 4654]"
1FE,O,NS,1835,3,[]
1PA,B,C,794,1,[1894]
1FL-2C,W,J,4048,2,[]
1FC-0C,O,C,2803,2,[]
1FC-0C,O,N,2675,2,[]
1PE,M,J,95,1,[]
1PE,B,M,130,1,[]
1FC-0C,B,O,2892,2,[]
1FM-nA,O,C,2372,5,[]
1FM-2C,O,C,3260,4,[]
1H-2C,W,N,4168,2,"[2539, 2216]"
1FM-2C,O,C,3598,8,[]
1FM-0C,O,H,2264,2,[]
1FM-0C,M,O,1901,2,[]
1H-nA,A,NS,3194,1,[5221]
1FM-2C,O,NS,3495,6,[]
1FM-0C,M,NS,1933,2,[]
1FM-2C,O,C,3219,5,[]
1H-nA,O,C,3129,1,[9635]
1FC-nA,M,C,2913,3,[]
1FE,M,O,1866,1,[]
1PA,W,H,1659,1,[6093]
1PE,O,H,517,1,[]
1FE,A,O,1858,1,[]
1FC-0C,M,S,2646,2,[]
1FM-0C,O,C,2244,2,[]
1PA,W,N,1278,1,[8113]
1FM-0C,B,C,2337,2,[]
1PA,M,M,951,1,[6041]
1PA,A,C,1121,1,[1771]
1FC-0C,W,C,2598,2,"[1426, 10243]"
1FM-0C,O,S,2205,2,[]
1PE,M,S,420,1,[]
1PA,M,J,923,1,[]
1H-nA,O,H,3207,4,"[1522, 3338, 1383, 1517]"
1PE,M,M,478,1,[]
1FM-0C,M,N,2036,2,[]
1H-nA,W,H,3177,1,[9998]
1PA,A,O,1693,1,[]
1FM-2C,M,J,3225,5,[]
1PA,O,C,1472,1,[]
1FC-0C,W,S,2602,2,[]
1PA,O,NS,1203,1,[]
1FM-nA,A,O,2439,3,[]
1FC-0C,O,C,2627,2,[]
1PA,A,C,1670,1,[8580]
1FL-2C,W,C,4065,4,"[47, 9797, 2308, 7739]"
1FM-0C,O,C,1971,2,[]
1FM-0C,M,C,2152,2,[]
1PA,O,NS,821,1,[]
1FM-0C,O,B,1998,2,[]
1FL-2C,O,NS,4146,2,[]
1PA,O,NS,1249,1,[]
1H-nA,A,C,3202,4,"[9427, 5284, 5810, 10650]"
1FC-0C,O,NS,2713,2,[]
1FC-2C,M,O,3900,3,[]
1FM-0C,O,O,2191,2,[]
1FC-2C,O,O,3831,4,[]
1PA,B,C,1047,1,[647]
1FM-0C,O,N,1889,2,[]
1FC-0C,O,NS,2470,2,[]
1FC-0C,A,B,2848,2,[]
1PA,W,B,616,1,[261]
1PA,O,O,1319,1,[]
1FE,M,B,1864,2,[]
1FM-0C,O,NS,2344,2,[]
1FC-0C,A,O,2450,2,[]
1FM-0C,O,J,2137,2,[]
1FM-2C,W,S,3589,3,[]
1FE,A,O,1773,2,[]
1H-2C,M,S,4204,4,[]
1PE,B,C,132,1,[4760]
1FM-2C,W,N,3602,4,"[7948, 2309, 6827, 6435]"
1PE,A,B,78,1,[8912]
1FC-0C,M,B,2899,2,[]
1FM-0C,O,S,2053,2,[]
1PA,M,C,725,1,[8746]
1PA,O,N,1315,1,[1926]
1FM-2C,O,S,3335,3,[]
1FE,O,NS,1852,3,[]
1FM-0C,M,M,2318,2,[]
1FM-2C,A,J,3346,4,[]
1FM-2C,M,H,3630,6,[]
1PA,M,M,1373,1,[10737]
1FE,A,H,1856,1,[]
1FL-nA,B,H,2966,2,[]
1PA,O,NS,1320,1,[]
1FC-0C,M,NS,2561,2,[]
1H-2C,A,NS,4150,2,[]
1FM-2C,M,N,3576,3,[]
1H-nA,W,O,3164,4,"[9949, 10148, 847, 5213]"
1PE,O,B,376,1,[]
1FM-0C,B,O,1909,2,[]
1PE,M,NS,334,1,[]
1FM-2C,A,NS,3284,6,[]
1FM-2C,M,O,3356,4,[]
1FM-nA,B,C,2366,4,[]
1PA,W,C,1605,1,[5133]
1PA,W,O,1119,1,[5591]
1FL-2C,M,J,4122,3,[]
1FM-0C,M,C,1944,2,[]
1FL-nA,O,N,2959,3,[]
1FL-2C,W,M,4089,4,"[4922, 9935, 8723, 7880]"
1H-2C,W,S,4199,2,[]
1FM-2C,M,C,3313,3,[]
1FM-nA,A,N,2377,3,"[8616, 3484, 7534]"
1FM-2C,W,O,3691,4,[]
1PA,O,N,1343,1,[4355]
1PE,M,C,321,1,[]
1PA,M,NS,1620,1,[]
1FM-2C,M,C,3565,5,[]
1FM-0C,B,H,2061,2,[]
1FL-nA,A,NS,2946,2,[]
1FM-0C,M,C,2220,2,[]
1PA,M,C,1674,1,[]
1FM-0C,O,NS,1943,2,[]
1PE,M,J,261,1,[]
1FM-2C,M,N,3428,5,[]
1FM-0C,W,H,2040,2,"[7056, 236]"
1PA,M,O,690,1,[]
1PA,A,O,902,1,[]
1FM-0C,M,H,2307,2,[]
1FM-0C,O,S,2027,2,[]
1FC-0C,M,O,2893,2,[]
1PE,O,N,139,1,[]
1FM-0C,W,J,1918,2,[]
1FE,O,C,1829,4,[]
1PA,B,N,1574,1,[135]
1PE,M,C,320,1,[]
1PA,M,H,654,1,[8381]
1FM-0C,O,S,2138,2,[]
1FM-2C,A,S,3378,3,[]
1PE,W,B,559,1,[8969]
1FM-0C,M,C,2188,2,[]
1PE,M,C,113,1,[]
1PE,O,H,532,1,[]
1PE,O,N,225,1,[]
1PA,O,NS,724,1,[]
1FM-2C,O,B,3538,3,[]
1FC-0C,M,S,2884,2,[]
1FC-2C,M,O,3767,4,[]
1PA,A,C,1434,1,[976]
1FM-nA,M,O,2374,5,[]
1FM-2C,B,C,3392,3,[]
1FM-2C,A,NS,3497,3,[]
1PA,M,N,1459,1,[54]
1H-nA,A,NS,3098,2,"[7102, 3032]"
1FL-2C,O,C,3959,2,[]
1FC-0C,O,O,2763,2,[]
1PA,A,C,847,1,[8273]
1PE,M,C,194,1,[]
1PA,B,C,1465,1,[3808]
1FC-0C,O,S,2622,2,[]
1PA,B,C,947,1,[441]
1FM-0C,O,NS,2022,2,[]
1FC-0C,W,N,2552,2,"[8042, 2028]"
1PA,M,O,1630,1,[]
1FL-nA,M,O,2929,5,[]
1PE,M,NS,118,1,[]
1PA,O,C,646,1,[4185]
1FE,O,C,1871,1,[]
1PE,A,NS,4,1,[6457]
1PE,A,J,75,1,[]
1FE,W,H,1756,2,[]
1PE,O,C,468,1,[]
1PE,M,O,6,1,[]
1PA,A,O,1247,1,[]
1PA,A,B,920,1,[4414]
1FC-0C,A,O,2596,2,[]
1PE,O,J,229,1,[]
1PA,M,J,1064,1,[]
1FC-0C,O,B,2591,2,[]
1PE,M,O,243,1,[]
1FL-nA,O,C,2947,2,[]
1FM-2C,M,O,3322,4,[]
1PA,W,B,1161,1,[8062]
1FM-2C,O,O,3397,3,[]
1FL-2C,O,O,3934,4,[]
1FM-2C,B,NS,3300,4,[]
1FC-0C,O,NS,2891,2,[]
1FC-0C,M,N,2564,2,"[5775, 1837]"
1FC-0C,W,O,2672,2,[]
1PA,B,O,1527,1,[]
1PA,O,O,1606,1,[]
1FL-2C,M,S,4080,2,[]
1FM-0C,A,C,2325,2,"[2446, 9121]"
1FC-0C,W,C,2710,2,"[10212, 3178]"
1FM-2C,A,NS,3389,4,[]
1FM-2C,B,C,3728,3,[]
1FM-0C,O,S,1990,2,[]
1FM-2C,O,H,3423,6,[]
1FM-nA,O,NS,2363,3,[]
1FM-0C,O,B,1976,2,[]
1FE,O,O,1762,2,[]
1PA,W,C,1306,1,[10483]
1FC-0C,O,NS,2740,2,[]
1PA,M,O,1542,1,[]
1FC-2C,A,C,3817,4,"[9421, 4849, 7823, 3247]"
1FC-0C,W,M,2473,2,"[8268, 3579]"
1FC-0C,M,NS,2643,2,[]
1FC-0C,B,N,2796,2,"[8775, 7802]"
1PA,M,O,623,1,[]
1FM-2C,A,C,3369,4,"[3913, 4769, 5663, 5446]"
1PA,W,H,1494,1,[9729]
1PE,B,O,111,1,[]
1FM-0C,A,J,2276,2,[]
1FM-2C,M,B,3569,3,[]
1PA,M,C,1170,1,[6662]
1FM-2C,W,H,3590,3,[]
1PE,O,O,233,1,[]
1PE,M,C,67,1,[]
1FL-2C,A,O,3966,6,[]
1FM-0C,A,H,2073,2,[]
1FM-0C,W,O,2193,2,[]
1PE,W,NS,537,1,[3171]
1FC-0C,A,C,2860,2,"[9171, 4136]"
1PE,W,O,126,1,[]
1FM-0C,A,O,2134,2,[]
1PA,O,J,1255,1,[]
1FM-2C,A,O,3685,3,[]
1FM-0C,B,NS,1977,2,[]
1FM-2C,M,C,3591,3,[]
1FM-2C,M,NS,3385,3,[]
1FM-0C,B,J,2076,2,[]
1PE,A,O,485,1,[]
1PA,W,NS,1655,1,[5605]
1FC-2C,A,O,3922,4,[]
1H-nA,W,H,3087,2,"[3569, 29]"
1FL-2C,O,C,4121,2,[]
1FM-2C,B,O,3645,3,[]
1FM-2C,M,C,3338,4,[]
1FM-2C,W,O,3508,5,[]
1FE,O,NS,1775,1,[]
1FM-nA,M,H,2411,3,[]
1FL-2C,M,J,3947,3,[]
1PA,W,C,919,1,[5968]
1PA,M,C,1647,1,[]
1PA,W,M,1027,1,[86]
1PA,W,C,1031,1,[1296]
1PA,O,N,883,1,[6272]
1PA,B,O,1336,1,[]
1FC-0C,M,J,2747,2,[]
1FM-2C,O,C,3595,3,[]
1FC-0C,B,C,2714,2,[]
1PE,M,O,365,1,[]
1FM-0C,B,O,2126,2,[]
1PE,M,H,28,1,[]
1PE,W,C,474,1,[5346]
1PE,A,O,526,1,[]
1PA,M,C,726,1,[6489]
1PE,O,C,56,1,[6149]
1PA,O,C,639,1,[8040]
1PE,B,J,303,1,[]
1FC-0C,M,O,2767,2,[]
1FC-2C,W,H,3823,6,[]
1PA,O,O,1277,1,[]
1FC-2C,M,J,3861,5,[]
1PA,O,J,625,1,[]
1FM-0C,O,S,2056,2,[]
1PA,O,H,1281,1,[]
1FC-0C,B,J,2852,2,[]
1PA,M,C,1050,1,[5753]
1PE,W,M,337,1,[5769]
1PE,B,C,48,1,[4479]
1FC-0C,M,H,2879,2,[]
1PE,O,C,107,1,[]
1FM-nA,O,N,2398,5,[]
1PA,O,J,1080,1,[]
1FM-0C,M,J,2287,2,[]
1FM-0C,O,O,2262,2,[]
1PA,M,NS,1145,1,[]
1FM-2C,W,O,3482,4,[]
1FM-0C,B,O,2297,2,[]
1FC-0C,M,C,2842,2,[]
1H-nA,B,S,3145,2,"[3818, 7723]"
1FE,M,O,1837,1,[]
1FE,A,NS,1754,1,[]
1PA,O,H,1102,1,[]
1FM-0C,O,NS,1969,2,[]
1FC-2C,A,H,3763,4,[]
1H-nA,M,C,3118,2,"[2390, 446]"
1FL-2C,W,C,4019,2,"[7844, 6198]"
1PE,M,S,524,1,[]
1FM-0C,O,C,2281,2,[]
1FC-0C,M,C,2693,2,[]
1FC-0C,M,S,2886,2,[]
1PA,W,O,1429,1,[546]
1FC-0C,A,M,2582,2,"[5124, 4268]"
1FC-2C,A,O,3822,3,[]
1PA,W,O,604,1,[7520]
1PA,O,C,1490,1,[]
1FC-2C,W,C,3803,4,"[2295, 4022, 1487, 10786]"
1H-nA,B,J,3123,1,[39]
1FM-2C,O,B,3560,3,[]
1PE,O,C,61,1,[]
1FL-2C,O,M,4027,2,[]
1PA,M,O,672,1,[]
1PE,O,C,93,1,[]
1PA,O,NS,667,1,[]
1FM-2C,M,C,3290,3,[]
1FM-0C,A,S,1888,2,[]
1FM-2C,A,C,3267,3,"[8877, 10070, 5705]"
1PE,O,NS,281,1,[]
1PA,M,NS,1720,1,[]
1FM-2C,A,C,3317,3,"[1698, 9688, 10448]"
1PE,A,NS,360,1,[]
1PA,M,NS,900,1,[]
1FM-0C,M,B,1936,2,[]
1FM-0C,A,B,1995,2,[]
1FM-2C,M,C,3368,3,[]
1FC-0C,A,O,2896,2,[]
1FM-2C,A,O,3255,5,[]
1PA,M,O,761,1,[]
1FM-0C,M,C,2159,2,[]
1H-2C,W,O,4183,4,[]
1PE,M,C,43,1,[]
1FM-0C,M,J,2174,2,[]
1PE,M,O,205,1,[]
1PA,O,C,1474,1,[]
1FM-0C,M,H,2101,2,[]
1FC-0C,B,C,2594,2,"[9244, 9995]"
1PE,M,O,69,1,[]
1FM-2C,A,J,3727,4,[]
1FE,A,H,1876,4,[]
1FC-0C,B,J,2833,2,[]
1FM-2C,O,S,3471,3,[]
1FM-0C,O,J,2232,2,[]
1PE,O,C,138,1,[]
1FL-nA,A,S,2948,4,[]
1PA,W,N,797,1,[7803]
1FM-0C,W,C,2181,2,"[9878, 2497]"
1FM-0C,A,NS,2129,2,[]
1H-nA,O,J,3178,1,[3715]
1PA,A,J,759,1,[]
1PE,B,J,542,1,[]
1PA,O,O,1020,1,[]
1FM-2C,A,H,3334,4,[]
1H-nA,O,J,3032,2,"[3833, 1029]"
1PE,M,C,166,1,[]
1PE,O,C,249,1,[]
1PA,W,NS,1332,1,[2628]
1FM-0C,B,S,2018,2,[]
1PE,M,H,447,1,[]
1FC-0C,M,M,2483,2,[]
1FC-0C,O,N,2907,2,[]
1PA,M,S,1359,1,[]
1FC-0C,W,O,2846,2,[]
1FM-0C,O,M,2146,2,[]
1PA,O,C,1330,1,[]
1FC-0C,O,M,2854,2,[]
1FC-0C,W,S,2786,2,[]
1PA,W,C,764,1,[9562]
1FM-0C,B,B,2151,2,[]
1PE,M,S,435,1,[]
1FM-0C,W,J,2123,2,[]
1PE,O,NS,578,1,[]
1FC-0C,M,M,2901,2,[]
1FM-2C,O,C,3488,3,[]
1FM-2C,O,NS,3279,6,[]
1FL-nA,M,O,2967,4,[]
1FC-0C,O,H,2815,2,[]
1FL-2C,M,B,4018,4,[]
1FM-nA,M,C,2449,3,[]
1FE,W,C,1849,3,"[9258, 3195, 10159]"
1PA,M,N,763,1,[1416]
1H-nA,B,C,3038,1,[3542]
1PE,O,O,389,1,[]
1PE,O,O,236,1,[]
1FC-2C,B,C,3820,3,[]
1FM-0C,O,J,1985,2,[]
1PE,A,C,268,1,[3208]
1PA,B,J,771,1,[]
1FM-0C,M,M,2166,2,[]
1PE,A,O,438,1,[]
1PA,O,NS,674,1,[]
1PE,O,C,250,1,[]
1FM-0C,B,N,2202,2,"[9407, 6347]"
1PA,O,C,1575,1,[]
1H-nA,O,S,3144,3,"[6293, 5756, 2485]"
1FM-0C,O,S,2143,2,[]
1FM-0C,O,H,2082,2,[]
1FC-2C,B,C,3838,4,[]
1FL-2C,B,NS,4107,5,[]
1H-2C,B,NS,4193,4,[]
1PE,O,NS,449,1,[]
1PA,W,C,1470,1,[9850]
1PA,B,J,717,1,[1134]
1FC-2C,O,C,3811,6,[]
1FC-2C,B,O,3834,3,[]
1FM-0C,O,H,2049,2,[]
1FM-0C,W,S,1902,2,[]
1FM-2C,A,B,3648,5,[]
1H-nA,B,C,3150,5,"[6513, 3487, 5085, 5136, 6656]"
1H-nA,W,C,3157,2,"[2307, 8933]"
1PA,O,O,1169,1,[]
1PE,M,C,83,1,[]
1FM-2C,A,NS,3532,3,[]
1FC-0C,A,O,2725,2,[]
1H-nA,M,C,3045,4,"[8208, 3719, 1513, 7189]"
1H-nA,O,O,3095,1,[9945]
1PA,A,C,1461,1,[3163]
1FC-0C,A,S,2819,2,[]
1FM-0C,M,O,1894,2,[]
1PA,W,O,1669,1,[]
1FC-0C,M,NS,2757,2,[]
1FM-0C,M,J,2001,2,[]
1PE,M,M,476,1,[]
1PE,M,NS,518,1,[]
1FC-2C,O,O,3800,3,[]
1PE,M,C,405,1,[]
1PE,W,O,385,1,[]
1FM-2C,M,NS,3701,8,[]
1FM-2C,M,M,3601,4,[]
1FM-0C,W,B,2153,2,"[2115, 8623]"
1PA,W,C,1634,1,[1179]
1FL-2C,W,O,4143,2,[]
1PA,W,C,689,1,[8673]
1FM-2C,O,J,3561,7,[]
1FC-0C,A,H,2875,2,[]
1PA,O,NS,1241,1,[]
1PE,M,O,63,1,[]
1FM-2C,W,O,3354,6,[]
1PA,W,B,853,1,[6209]
1H-2C,O,C,4225,4,[]
1FM-2C,A,C,3619,3,"[6053, 6136, 10828]"
1PA,M,H,1263,1,[]
1PE,O,B,224,1,[]
1FM-0C,M,J,2194,2,[]
1H-nA,M,N,3137,4,"[6681, 9215, 10077, 3953]"
1PE,A,B,374,1,[1574]
1FE,M,C,1825,4,[]
1FM-2C,A,C,3712,3,[]
1H-nA,A,M,3191,2,"[4435, 5067]"
1FL-2C,W,NS,4147,3,"[1502, 426, 1761]"
1FC-2C,O,O,3806,3,[]
1FM-2C,O,O,3323,3,[]
1FM-2C,O,C,3314,4,[]
1FL-2C,M,O,3935,3,[]
1FC-0C,M,S,2872,2,[]
1PE,M,O,10,1,[]
1FC-0C,M,C,2498,2,[]
1FM-0C,A,S,1945,2,[]
1FE,M,O,1839,1,[]
1PA,A,NS,709,1,[7387]
1PE,M,O,256,1,[]
1FL-nA,A,NS,2931,2,[]
1PA,M,NS,1618,1,[]
1PE,M,J,390,1,[]
1FM-2C,O,C,3570,4,[]
1PA,O,O,1582,1,[]
1FL-nA,W,J,2957,2,[]
1PA,M,O,925,1,[]
1FL-2C,O,NS,4061,4,[]
1FM-2C,W,O,3454,7,[]
1FC-0C,M,S,2509,2,[]
1FM-0C,W,B,2037,2,"[2082, 5700]"
1FM-2C,M,NS,3504,3,[]
1PA,W,C,1225,1,[3793]
1FM-2C,B,C,3217,4,[]
1H-nS,M,B,3007,5,"[1724, 1568, 2906, 5566, 6986]"
1FC-0C,O,N,2550,2,[]
1FM-0C,A,N,1947,2,"[2270, 6948]"
1PA,M,M,740,1,[8415]
1PE,M,S,41,1,[]
1PA,O,C,869,1,[]
1FC-0C,O,B,2780,2,[]
1PE,B,NS,540,1,[]
1FM-2C,O,H,3250,3,[]
1FM-2C,M,H,3388,3,[]
1FC-0C,M,H,2746,2,[]
1FC-2C,O,C,3765,3,[]
1FC-0C,A,C,2724,2,"[7742, 5134]"
1PA,W,S,1372,1,[8357]
1PA,A,N,1146,1,[6258]
1PA,M,M,1032,1,[9209]
1PE,M,N,373,1,[]
1PA,M,NS,668,1,[5641]
1H-nA,O,O,3020,3,"[4494, 9279, 2821]"
1PE,O,C,358,1,[]
1PA,A,O,968,1,[]
1FC-0C,B,N,2832,2,"[7631, 7034]"
1FC-0C,M,C,2784,2,[]
1PA,A,NS,1354,1,[3611]
1PA,M,NS,1036,1,[]
1H-nA,B,C,3019,2,"[4656, 6175]"
1PE,O,M,471,1,[]
1FC-2C,B,N,3798,3,"[3956, 2570, 10166]"
1FM-2C,O,O,3331,4,[]
1PA,B,H,1397,1,[]
1FC-2C,O,J,3842,5,[]
1PA,W,O,1550,1,[9354]
1FM-2C,M,C,3377,5,[]
1PA,M,O,1257,1,[]
1FM-0C,O,N,2095,2,[]
1FM-2C,W,O,3474,3,[]
1PA,B,C,1556,1,[10701]
1FL-2C,M,C,3970,2,[]
1PA,O,S,1251,1,[]
1PA,M,S,1700,1,[]
1PA,M,O,1253,1,[]
1FL-2C,W,C,4050,2,"[4342, 9948]"
1FL-2C,O,C,4075,2,[]
1FM-2C,B,O,3285,3,[]
1FL-nA,W,O,2934,2,[]
1PE,O,J,80,1,[]
1PA,M,NS,1173,1,[]
1PA,W,C,815,1,[2544]
1FE,W,C,1853,3,"[9094, 6101, 1275]"
1FM-0C,W,O,2221,2,[]
1FC-0C,O,O,2720,2,[]
1FC-2C,O,C,3852,4,[]
1FM-0C,B,H,2106,2,[]
1PE,M,J,134,1,[]
1PA,O,O,1141,1,[]
1PA,M,NS,934,1,[]
1PA,B,O,929,1,[]
1PA,B,H,824,1,[]
1FM-2C,M,NS,3481,3,[]
1FM-2C,A,M,3635,3,"[7398, 7998, 6373]"
1PA,O,C,1532,1,[]
1PA,O,NS,1215,1,[]
1PE,A,O,505,1,[]
1H-2C,A,H,4216,2,[]
1FM-nA,M,S,2396,4,[]
1FM-0C,B,C,1997,2,[]
1FM-nA,A,NS,2435,5,[]
1H-nA,O,H,3073,1,[9578]
1FM-0C,B,S,1959,2,[]
1PA,O,J,1385,1,[]
1PA,M,J,895,1,[]
1PA,W,N,829,1,[5940]
1PE,M,C,456,1,[]
1FC-0C,M,B,2524,2,[]
1PA,A,C,1684,1,[5516]
1H-2C,M,NS,4238,3,[]
1FM-2C,A,H,3745,4,[]
1FM-2C,M,S,3677,3,[]
1PA,B,C,653,1,[10498]
1PE,B,C,173,1,[9566]
1FM-2C,B,NS,3523,3,[]
1H-nA,M,S,3198,2,"[8377, 4615]"
1PE,M,J,39,1,[]
1FE,W,O,1882,1,[]
1PA,O,H,714,1,[]
1PE,W,O,91,1,[]
1FM-0C,A,C,2215,2,"[1052, 7265]"
1PA,M,J,1206,1,[]
1FC-nA,M,B,2924,4,[]
1FM-2C,B,J,3616,5,[]
1FC-2C,M,M,3788,7,[]
1FM-2C,W,O,3487,4,[]
1FM-2C,W,M,3324,3,"[878, 10791, 6022]"
1H-nA,W,J,3142,1,[3786]
1FE,O,C,1828,1,[]
1PA,O,O,1156,1,[]
1PA,M,O,1325,1,[]
1PE,A,C,217,1,[9352]
1FM-2C,O,NS,3399,3,[]
1PE,O,NS,511,1,[]
1PA,M,S,1681,1,[]
1PE,W,O,500,1,[]
1FM-2C,A,H,3623,3,[]
1FE,W,C,1857,4,"[7852, 8656, 5161, 7957]"
1PA,A,N,1389,1,[2242]
1PA,A,O,1520,1,[]
1FM-nA,A,S,2387,4,[]
1FL-2C,M,J,3988,2,[]
1FM-2C,O,N,3237,6,[]
1FM-0C,W,NS,2077,2,"[9907, 4321]"
1PA,A,NS,1541,1,[]
1PA,O,H,1218,1,[]
1FC-0C,W,J,2682,2,[]
1FC-0C,M,O,2843,2,[]
1FL-nA,O,H,2994,4,[]
1PA,O,J,1417,1,[]
1FM-0C,M,C,2218,2,[]
1FM-2C,A,J,3687,4,[]
1PA,M,C,1677,1,[]
1PA,W,S,1198,1,[6966]
1PA,O,O,1543,1,[]
1FM-2C,A,J,3302,4,[]
1FM-2C,B,O,3679,5,[]
1FL-nA,A,C,2961,2,"[8314, 6728]"
1FC-0C,M,NS,2540,2,[]
1PA,M,B,954,1,[]
1H-nA,M,B,3146,2,"[8941, 6477]"
1H-nA,O,H,3081,2,"[9567, 566]"
1FC-0C,O,NS,2636,2,[]
1PA,W,B,751,1,[3254]
1FC-0C,A,J,2706,2,[]
1PE,O,C,235,1,[]
1PA,M,C,733,1,[9582]
1PA,O,NS,1239,1,[]
1FL-2C,A,H,3971,4,[]
1PA,M,C,1157,1,[8016]
1FC-2C,B,O,3772,3,[]
1FM-2C,O,S,3717,4,[]
1FM-nA,W,S,2446,3,[]
1FL-nA,W,O,2983,5,[]
1PA,W,O,1210,1,[6849]
1PA,A,C,1066,1,[5379]
1FM-0C,W,NS,2157,2,"[3341, 10029]"
1PA,A,NS,1063,1,[2290]
1FC-0C,A,C,2617,2,"[2940, 6783]"
1PA,M,NS,1168,1,[]
1FM-2C,W,O,3223,5,[]
1FM-2C,O,NS,3556,3,[]
1PA,M,C,1493,1,[]
1FL-nA,A,O,2939,2,[]
1FL-nA,O,C,2996,2,[]
1H-nA,O,H,3097,1,[4037]
1FM-2C,M,B,3617,3,[]
1FC-2C,B,H,3902,3,[]
1H-nA,M,C,3141,1,[1027]
1PA,W,J,885,1,[733]
1PE,M,NS,144,1,[]
1PA,M,O,1391,1,[]
1FM-2C,B,N,3578,5,"[2691, 7618, 5796, 338, 6206]"
1PA,B,C,851,1,[5746]
1FM-2C,O,N,3456,5,[]
1FC-0C,O,NS,2783,2,[]
1PA,M,B,718,1,[]
1FE,O,H,1820,4,[]
1FC-0C,W,S,2503,2,"[2992, 9705]"
1PE,O,C,265,1,[]
1PE,M,NS,76,1,[]
1FL-2C,M,H,4004,4,[]
1FC-0C,W,C,2493,2,"[2785, 2367]"
1PE,O,C,396,1,[]
1FM-2C,A,NS,3729,3,[]
1FM-0C,M,B,2225,2,[]
1H-nA,W,O,3091,2,"[958, 2750]"
1FL-2C,O,J,4098,2,[]
1PE,M,B,397,1,[]
1PA,M,C,1366,1,[]
1FM-2C,B,O,3655,3,[]
1FM-0C,O,S,1904,2,[]
1PA,M,C,596,1,[5500]
1FM-0C,B,S,2110,2,[]
1PA,A,N,1297,1,[10227]
1FE,W,B,1822,4,[]
1PA,W,C,873,1,[4212]
1FC-2C,M,O,3801,5,[]
1FM-0C,M,H,2265,2,[]
1FM-0C,O,H,2327,2,[]
1PA,W,H,1549,1,[2210]
1FM-2C,W,J,3441,3,[]
1PE,O,S,37,1,[]
1FC-2C,O,O,3830,3,[]
1FC-0C,A,O,2711,2,[]
1FM-2C,M,N,3699,3,[]
1FM-0C,W,O,2144,2,[]
1FM-2C,A,H,3742,3,[]
1PA,O,S,978,1,[]
1PA,W,O,1572,1,[5292]
1PA,W,C,1123,1,[7277]
1FC-0C,A,H,2787,2,[]
1FM-0C,A,J,2240,2,[]
1FL-nA,O,N,2968,5,[]
1FC-0C,M,C,2505,2,[]
1FM-0C,M,H,1893,2,[]
1FM-2C,M,M,3466,3,[]
1PA,O,S,676,1,[]
1FC-0C,O,NS,2809,2,[]
1H-nA,M,C,3069,1,[5377]
1FL-2C,O,S,3936,2,[]
1PA,M,O,729,1,[]
1FM-2C,M,S,3492,4,[]
1FM-2C,A,H,3448,3,[]
1PE,O,C,413,1,[]
1H-nA,O,C,3147,4,"[10102, 10237, 9255, 7143]"
1PA,M,H,1517,1,[]
1PA,M,H,1650,1,[]
1FM-2C,W,H,3573,3,[]
1PA,A,C,826,1,[10407]
1FM-2C,M,C,3268,5,[]
1PA,B,C,617,1,[9059]
1PE,B,B,115,1,[]
1PE,M,O,418,1,[]
1H-nA,O,O,3070,1,[2560]
1PA,A,J,1626,1,[]
1H-nA,O,C,3018,2,"[6282, 3380]"
1FC-0C,M,H,2653,2,[]
1H-2C,M,O,4194,5,[]
1PE,W,NS,90,1,[6697]
1FC-0C,M,NS,2897,2,[]
1FC-2C,M,C,3837,3,[]
1FM-0C,O,NS,2083,2,[]
1PA,W,J,754,1,[1669]
1FC-0C,M,O,2547,2,[]
1FM-2C,A,J,3325,5,[]
1FM-2C,M,C,3374,4,[]
1PA,M,B,1631,1,[]
1PE,O,B,12,1,[]
1FM-nA,W,J,2445,5,[]
1PE,A,S,285,1,[]
1FL-2C,W,S,4127,2,[]
1PA,W,O,1067,1,[10382]
1PA,W,N,1192,1,[8679]
1PA,M,O,1441,1,[]
1FM-2C,M,O,3649,3,[]
1FL-2C,M,C,4105,2,[]
1FL-2C,W,NS,4102,2,"[9650, 2086]"
1FM-2C,O,O,3499,5,[]
1FC-0C,M,O,2739,2,[]
1FL-2C,O,C,3969,2,[]
1PA,O,C,1569,1,[]
1FM-nA,O,C,2428,6,[]
1FC-0C,M,J,2738,2,[]
1FC-2C,A,N,3776,6,"[10877, 1396, 6845, 8330, 330, 8731]"
1PA,O,C,1688,1,[]
1PA,M,NS,852,1,[]
1FM-2C,W,N,3547,7,"[9555, 2382, 4967, 785, 9467, 3415, 3800]"
1FM-0C,M,NS,2208,2,[]
1PA,O,C,896,1,[]
1PE,O,H,497,1,[]
1FM-0C,W,O,2306,2,[]
1FE,A,C,1783,1,[10457]
1PE,W,N,336,1,[5597]
1FC-0C,B,S,2840,2,[]
1H-nA,M,B,3088,2,"[1891, 1447]"
1PE,A,NS,516,1,[]
1PA,M,NS,1349,1,[]
1PA,M,C,1016,1,[4855]
1FC-0C,O,H,2817,2,[]
1PA,A,N,1632,1,[8275]
1FC-0C,O,C,2490,2,[]
1FC-0C,A,NS,2810,2,[]
1FM-2C,M,H,3295,3,[]
1FM-2C,M,H,3252,4,[]
1FC-2C,A,J,3832,3,[]
1H-2C,O,O,4234,8,[]
1FE,B,O,1782,2,[]
1FC-0C,O,H,2570,2,[]
1FE,A,C,1786,2,"[2084, 6500]"
1FM-0C,O,NS,2071,2,[]
1PE,B,S,357,1,[]
1FL-2C,A,O,4139,2,[]
1FM-2C,O,NS,3326,4,[]
1PA,M,C,1313,1,[]
1PA,B,O,1636,1,[]
1PE,O,C,551,1,[]
1FM-nA,A,NS,2389,5,[]
1FC-0C,M,C,2480,2,[]
1FC-0C,A,O,2522,2,[]
1FM-0C,A,N,2266,2,"[348, 6944]"
1FL-nA,A,O,2960,2,[]
1PA,W,B,1228,1,[6995]
1FC-2C,M,C,3929,4,[]
1H-nA,W,J,3060,1,[4781]
1PA,W,C,958,1,[9765]
1FE,O,H,1774,1,[]
1FM-0C,M,H,2142,2,[]
1PA,M,NS,1009,1,[]
1H-nA,W,S,3119,1,[7389]
1PA,W,J,1093,1,[6305]
1FC-2C,O,S,3917,3,[]
1FM-2C,O,NS,3357,6,[]
1FC-0C,W,M,2745,2,"[9925, 4878]"
1FL-2C,A,H,4133,3,[]
1PA,O,NS,997,1,[]
1FM-2C,M,C,3507,4,[]
1PA,W,O,1680,1,[]
1PE,A,C,154,1,[2443]
1H-nA,W,C,3148,5,"[6010, 7653, 3577, 7495, 1237]"
1FL-2C,W,C,4078,2,"[206, 7860]"
1FC-0C,W,H,2909,2,[]
1FC-0C,A,NS,2838,2,[]
1PE,O,C,581,1,[]
1PA,M,N,1471,1,[478]
1PA,W,H,704,1,[84]
1PA,A,O,1213,1,[]
1FM-2C,W,J,3344,6,[]
1PA,M,C,897,1,[7702]
1FM-2C,A,S,3309,4,[]
1PE,W,N,488,1,[6579]
1FM-2C,M,NS,3673,3,[]
1PE,M,H,560,1,[]
1PA,O,C,1142,1,[]
1FM-2C,B,B,3710,4,[]
1PA,O,C,1120,1,[]
1FC-0C,M,O,2850,2,[]
1PE,A,NS,513,1,[]
1PA,A,O,634,1,[6217]
1FC-2C,B,B,3786,4,[]
1PA,M,M,1665,1,[]
1PA,O,J,1013,1,[]
1FM-0C,A,H,1932,2,[]
1FC-2C,M,C,3869,3,[]
1PA,O,S,1151,1,[]
1FC-0C,A,S,2839,2,[]
1FL-2C,M,O,4106,4,[]
1PE,W,C,117,1,[3877]
1FM-2C,O,C,3546,4,[]
1PA,O,C,741,1,[]
1FL-2C,A,H,4046,4,[]
1FM-0C,M,C,1975,2,[]
1PA,O,H,1082,1,[]
1FM-2C,O,H,3676,3,[]
1FE,B,O,1811,1,[]
1PA,B,NS,831,1,[6835]
1PE,W,C,120,1,[2491]
1PA,B,H,657,1,[1511]
1FL-2C,O,J,4002,2,[]
1FL-2C,M,O,3946,5,[]
1PA,B,NS,1130,1,[]
1PA,A,C,636,1,[8310]
1PE,O,O,370,1,[]
1PE,M,C,269,1,[]
1FC-0C,O,B,2704,2,[]
1FL-nA,M,N,2984,3,[]
1FC-0C,A,O,2871,2,[]
1FC-nA,A,NS,2915,4,[]
1PE,M,M,47,1,[]
1FM-2C,O,J,3422,3,[]
1FL-2C,M,B,4067,5,[]
1PA,O,M,992,1,[]
1PA,O,J,877,1,[]
1PA,W,J,774,1,[10025]
1PA,W,H,1220,1,[154]
1PA,M,N,1127,1,[7220]
1PE,M,C,5,1,[4376]
1FM-2C,O,J,3692,3,[]
1H-nA,M,J,3052,2,"[6110, 696]"
1PA,M,H,1596,1,[]
1H-nA,M,NS,3125,2,"[3119, 7541]"
1FM-0C,O,H,2312,2,[]
1H-nA,M,H,3041,3,"[6903, 9454, 4928]"
1FC-0C,O,C,2661,2,[]
1FC-0C,W,H,2492,2,"[288, 10213]"
1H-nA,A,J,3051,3,"[1110, 5942, 1041]"
1PA,W,C,1078,1,[7501]
1PA,A,J,838,1,[]
1PA,B,C,682,1,[6769]
1PA,W,O,1716,1,[]
1FM-nA,W,N,2353,4,"[6641, 7753, 8222, 7698]"
1FM-2C,M,O,3414,6,[]
1FC-0C,O,B,2618,2,[]
1FM-nA,O,J,2362,4,[]
1FM-0C,B,O,2198,2,[]
1PA,O,S,1149,1,[]
1FM-2C,M,NS,3262,3,[]
1PE,W,C,575,1,[7540]
1FC-2C,M,B,3770,5,[]
1FM-2C,O,H,3737,4,[]
1PE,O,J,51,1,[]
1PA,O,O,854,1,[]
1FM-0C,M,H,1983,2,[]
1FC-0C,W,NS,2775,2,"[10291, 8390]"
1FE,A,NS,1824,2,[]
1PA,O,C,834,1,[]
1FM-2C,M,H,3426,3,[]
1PA,M,C,1116,1,[6947]
1PA,B,H,1167,1,[]
1FC-0C,W,NS,2519,2,"[4594, 8921]"
1FM-0C,A,NS,1907,2,[]
1PA,O,N,972,1,[7283]
1FC-0C,M,N,2702,2,"[1871, 10256]"
1PE,M,S,400,1,[]
1FC-0C,W,S,2560,2,[]
1FC-2C,A,C,3848,6,"[10141, 9482, 7023, 4906, 7584, 1437]"
1FM-nA,B,C,2369,3,[]
1PE,A,S,20,1,[]
1PA,A,N,685,1,[2517]
1PE,W,S,36,1,[6358]
1FL-nA,O,NS,2951,2,[]
1FL-2C,M,J,4123,4,[]
1FC-0C,M,C,2876,2,[]
1PE,B,O,525,1,[]
1FC-0C,A,H,2456,2,[]
1PA,M,H,921,1,[]
1FE,M,O,1842,1,[]
1FM-0C,A,N,1891,2,"[2939, 3731]"
1PE,A,H,538,1,[]
1FC-0C,W,O,2807,2,[]
1PA,M,O,1706,1,[]
1H-2C,M,C,4182,5,[]
1H-nA,W,O,3111,1,[5734]
1FM-2C,O,C,3248,3,[]
1PE,A,S,246,1,[]
1FM-2C,M,C,3465,4,[]
1H-nA,O,J,3176,1,[6853]
1PA,M,C,785,1,[5226]
1PA,B,H,1410,1,[]
1FC-0C,M,NS,2538,2,[]
1PE,B,C,155,1,[6883]
1FM-2C,O,C,3711,4,[]
1H-nE,A,O,3010,1,[8228]
1PA,W,B,1687,1,[4260]
1FC-0C,A,O,2902,2,[]
1FM-2C,M,O,3360,3,[]
1PA,O,C,626,1,[2030]
1FC-2C,M,H,3864,3,[]
1FC-0C,M,NS,2734,2,[]
1FM-0C,A,C,1896,2,"[9563, 794]"
1PA,O,B,1347,1,[]
1PE,A,O,570,1,[]
1H-2C,M,NS,4184,2,[]
1FE,W,J,1759,2,[]
1FE,O,O,1817,1,[]
1FM-0C,M,M,2066,2,[]
1PE,M,H,128,1,[]
1FM-2C,M,J,3395,3,[]
1FM-2C,O,S,3328,3,[]
1H-2C,A,H,4227,2,[]
1FM-0C,O,B,2007,2,[]
1FL-nA,B,J,2976,4,[]
1PA,W,J,981,1,[2356]
1FM-0C,W,O,2301,2,[]
1PE,B,C,191,1,[5295]
1PA,A,S,1140,1,[5613]
1PA,B,C,993,1,[1746]
1PA,M,O,700,1,[]
1FL-2C,M,O,4003,6,[]
1PA,O,O,607,1,[]
1PE,O,H,181,1,[]
1PE,B,O,302,1,[]
1FC-0C,M,C,2545,2,[]
1FL-2C,M,M,4053,2,[]
1FL-2C,W,H,4091,3,[]
1PA,M,C,1061,1,[2779]
1FE,M,O,1769,4,[]
1FM-0C,A,NS,2147,2,[]
1FC-0C,O,H,2566,2,[]
1H-2C,M,C,4235,2,[]
1PA,O,NS,1070,1,[]
1FC-0C,O,O,2525,2,[]
1FM-0C,M,NS,2206,2,[]
1PA,M,NS,1244,1,[]
1FM-2C,M,C,3244,5,[]
1PE,W,NS,17,1,[440]
1FM-2C,W,O,3584,3,[]
1H-nA,M,O,3121,4,"[4912, 7786, 3265, 7281]"
1PA,O,B,1216,1,[]
1PE,M,H,547,1,[]
1FM-2C,A,NS,3588,3,[]
1PA,A,N,659,1,[1154]
1FL-2C,A,C,3962,2,"[8145, 10420]"
1FC-2C,O,J,3901,3,[]
1H-nA,W,H,3068,1,[10132]
1FL-2C,M,C,4009,2,[]
1PA,O,O,1505,1,[]
1PA,W,O,960,1,[6807]
1FL-nA,M,O,2927,4,[]
1FM-0C,O,H,2332,2,[]
1FM-2C,M,B,3681,3,[]
1PA,O,N,798,1,[7696]
1FM-2C,M,C,3349,4,[]
1PE,O,O,226,1,[]
1FM-0C,W,C,2075,2,"[8371, 9866]"
1FM-2C,A,H,3355,3,[]
1FE,M,S,1800,1,[]
1FC-0C,W,N,2486,2,"[2306, 2732]"
1PE,W,O,563,1,[]
1FM-2C,W,O,3437,3,[]
1FM-0C,O,H,2278,2,[]
1FM-0C,W,B,2086,2,"[8298, 10449]"
1PA,A,H,1694,1,[]
1FC-0C,M,H,2798,2,[]
1PA,O,C,1046,1,[]
1FM-2C,M,J,3447,7,[]
1PE,O,O,470,1,[]
1PA,O,C,955,1,[]
1PE,B,NS,460,1,[]
1FC-0C,B,O,2736,2,[]
1H-2C,O,N,4156,4,[]
1PA,M,B,640,1,[]
1FL-2C,A,O,4072,3,[]
1PA,W,J,1219,1,[]
1PA,A,B,1159,1,[10766]
1PA,O,H,1416,1,[]
1FL-2C,M,B,3976,2,[]
1PA,M,H,1528,1,[]
1PA,O,H,816,1,[]
1PA,A,B,1301,1,[]
1PE,W,C,398,1,[10357]
1FC-0C,B,H,2849,2,[]
1PA,A,NS,1604,1,[]
1PE,O,O,161,1,[]
1PA,W,J,1705,1,[]
1PA,O,C,957,1,[]
1FC-2C,M,C,3792,4,[]
1FM-2C,O,C,3235,3,[]
1FC-0C,W,O,2870,2,[]
1FC-2C,W,O,3778,4,[]
1H-2C,M,J,4174,2,[]
1PA,W,NS,878,1,[7711]
1FM-0C,M,C,1920,2,[]
1FL-nA,M,J,2962,3,[]
1FE,W,O,1885,4,[]
1FM-0C,M,C,2201,2,[]
1PE,M,J,99,1,[]
1PA,W,N,1497,1,[4128]
1FC-0C,A,C,2558,2,"[6925, 3260]"
1H-nA,M,NS,3184,4,"[1973, 10730, 1946, 300]"
1FM-2C,M,C,3299,3,[]
1PE,O,H,254,1,[]
1FC-2C,A,M,3924,3,"[9084, 10750, 3976]"
1PE,B,M,104,1,[3010]
1PA,B,H,1446,1,[]
1PA,O,N,1444,1,[3524]
1PA,A,NS,1649,1,[]
1PE,M,C,587,1,[]
1PA,M,N,628,1,[2758]
1FL-2C,M,J,3992,4,[]
1PA,W,O,1697,1,[]
1H-nA,M,H,3192,1,[9381]
1FM-0C,A,C,2102,2,"[128, 2410]"
1FM-0C,A,O,2200,2,[]
1PE,W,O,404,1,[]
1PA,A,NS,1155,1,[9318]
1FM-0C,M,O,2256,2,[]
1FC-0C,O,J,2864,2,[]
1PA,M,M,1683,1,[]
1H-nA,A,C,3171,1,[9840]
1FL-2C,M,NS,4108,4,[]
1FM-0C,O,S,2057,2,[]
1H-nA,B,O,3063,2,"[5030, 7642]"
1PA,M,H,1184,1,[]
1H-nA,W,J,3109,3,"[4954, 1578, 6668]"
1PE,O,C,453,1,[]
1FM-2C,B,C,3724,4,[]
1FM-0C,O,S,2302,2,[]
1PA,W,H,1328,1,[1710]
1FL-nA,M,C,2945,2,[]
1FM-0C,M,H,2050,2,[]
1PA,W,H,881,1,[3901]
1FM-2C,M,B,3644,3,[]
1H-2C,B,NS,4175,2,[]
1PA,B,NS,624,1,[6797]
1FM-nA,A,H,2394,3,[]
1FL-2C,M,C,4060,2,[]
1FE,W,O,1788,6,[]
1PE,M,H,263,1,[]
1PA,W,C,1635,1,[3979]
1FM-2C,A,B,3370,3,[]
1PA,O,S,1439,1,[]
1FM-0C,O,C,2199,2,[]
1FM-0C,O,M,1970,2,[]
1FC-0C,A,O,2521,2,[]
1FL-2C,M,C,4025,2,[]
1FE,O,H,1803,1,[]
1PA,O,C,641,1,[10793]
1H-2C,O,O,4233,2,[]
1FM-nA,M,O,2386,3,[]
1FC-0C,B,NS,2599,2,[]
1FL-2C,O,O,4124,2,[]
1FM-0C,W,O,1960,2,[]
1FL-nA,M,J,2977,4,[]
1PE,M,H,489,1,[]
1FE,O,M,1844,3,[]
1FE,A,H,1735,1,[]
1FC-nA,M,M,2912,3,[]
1FM-2C,A,S,3220,3,[]
1PE,O,C,147,1,[]
1PA,M,M,1535,1,[5272]
1FM-0C,M,C,1987,2,[]
1PA,W,C,1370,1,[5179]
1FC-0C,B,H,2451,2,[]
1H-2C,O,NS,4190,2,[]
1H-nS,O,C,3003,2,"[9324, 302]"
1FC-0C,M,B,2812,2,[]
1PA,W,M,660,1,[9099]
1FE,O,O,1795,1,[]
1FM-2C,B,NS,3421,4,[]
1FC-0C,M,J,2512,2,[]
1FM-2C,M,C,3398,4,[]
1PE,M,N,187,1,[679]
1PA,A,NS,1148,1,[1735]
1FM-2C,B,O,3273,4,[]
1PA,A,N,609,1,[3298]
1FM-0C,A,S,2192,2,[]
1FC-0C,M,O,2800,2,[]
1FM-2C,M,NS,3583,3,[]
1FM-0C,M,M,1931,2,[]
1H-nA,O,H,3030,1,[2091]
1PE,W,C,198,1,[636]
1FM-2C,M,H,3682,3,[]
1FL-nA,B,C,2932,2,[10404]
1FC-2C,M,NS,3909,5,[]
1FM-0C,B,C,2328,2,[]
1PE,M,N,294,1,[8067]
1PA,M,J,767,1,[]
1PE,A,NS,401,1,[]
1PE,B,B,123,1,[]
1FM-2C,M,N,3256,3,[]
1PE,O,O,203,1,[]
1FM-2C,O,NS,3511,8,[]
1PA,O,H,836,1,[]
1FM-0C,W,N,2295,2,"[1733, 5151]"
1PA,W,M,1440,1,[2632]
1FE,A,J,1734,1,[]
1PA,M,N,1696,1,[3239]
1FC-0C,O,C,2778,2,[]
1PA,M,B,1708,1,[]
1H-2C,M,J,4172,4,[]
1PA,W,O,1154,1,[4573]
1PA,M,NS,1662,1,[]
1FM-2C,W,NS,3475,3,"[1917, 8840, 3053]"
1FM-nA,W,H,2433,3,[]
1FM-2C,B,C,3297,3,[]
1FE,O,NS,1760,4,[]
1FL-2C,A,H,4069,2,[]
1PA,A,O,855,1,[]
1PA,A,S,1590,1,[]
1FM-0C,O,M,2268,2,[]
1PA,W,H,642,1,[3657]
1PE,O,H,2,1,[]
1FM-0C,M,O,2161,2,[]
1PA,W,S,699,1,[6689]
1H-2C,A,O,4191,2,[]
1H-nS,M,C,3000,1,[10851]
1FM-2C,M,NS,3697,7,[]
1PA,M,C,1637,1,[]
1FM-2C,O,H,3458,5,[]
1FM-2C,M,S,3582,8,[]
1PA,A,C,1292,1,[4134]
1FE,W,S,1854,1,[]
1FC-2C,M,C,3764,3,[]
1FM-2C,A,C,3305,4,"[8990, 8345, 893, 9909]"
1H-2C,B,O,4162,2,[]
1FM-2C,M,O,3744,7,[]
1FM-2C,O,S,3446,3,[]
1FM-0C,A,O,1999,2,[]
1PA,O,C,664,1,[40]
1FM-2C,M,C,3749,3,[]
1PA,B,O,710,1,[]
1PA,M,C,1283,1,[]
1FC-0C,A,C,2676,2,"[6763, 3379]"
1FL-2C,A,O,4030,3,[]
1PA,W,N,1307,1,[4754]
1FM-0C,W,B,2238,2,"[930, 10550]"
1FM-2C,A,H,3303,3,[]
1FM-0C,O,O,2039,2,[]
1PA,A,C,1530,1,[891]
1PA,M,C,1664,1,[]
1H-2C,M,NS,4180,3,[]
1H-2C,M,J,4197,4,[]
1FM-2C,W,O,3628,5,[]
1FC-0C,B,C,2694,2,[]
1H-nA,A,NS,3061,1,[3840]
1PA,M,H,1598,1,[]
1FC-0C,M,J,2730,2,[]
1FC-0C,M,H,2626,2,[]
1H-nA,A,NS,3158,7,"[1239, 6086, 3556, 3137, 1787, 8797, 5655]"
1FM-2C,O,O,3315,3,[]
1FE,W,J,1723,1,[]
1PA,W,J,1060,1,[2479]
1FM-2C,O,O,3243,5,[]
1PA,M,H,1679,1,[]
1FE,M,B,1758,3,[]
1PE,M,O,564,1,[]
1FC-0C,O,NS,2791,2,[]
1PA,W,S,864,1,[8657]
1PA,M,J,1485,1,[]
1PE,O,J,207,1,[]
1PA,O,NS,871,1,[]
1PE,O,N,503,1,[]
1PA,O,C,1029,1,[]
1FC-2C,B,O,3841,4,[]
1FC-0C,M,S,2691,2,[]
1PA,M,S,1571,1,[]
1FC-0C,O,H,2774,2,[]
1FC-0C,M,S,2732,2,[]
1PA,M,J,805,1,[]
1FM-2C,M,B,3646,6,[]
1FC-0C,M,N,2455,2,"[2727, 5443]"
1H-nA,B,N,3105,1,[552]
1PE,M,C,201,1,[]
1H-nA,W,S,3100,4,"[1476, 5533, 10858, 6860]"
1FM-0C,B,C,2279,2,[]
1FM-2C,O,C,3562,3,[]
1PE,M,H,392,1,[]
1PA,M,S,1496,1,[]
1FC-0C,W,N,2696,2,"[1937, 6419]"
1FM-0C,A,NS,2028,2,[]
1FC-0C,B,C,2569,2,"[8081, 2593]"
1PE,A,NS,65,1,[]
1FC-2C,M,O,3885,3,[]
1FM-0C,M,C,2063,2,[]
1PE,A,J,493,1,[]
1PE,O,C,380,1,[]
1FL-2C,B,H,3994,3,[]
1PA,W,H,1077,1,[9282]
1PA,O,C,879,1,[]
1PE,O,C,338,1,[]
1PA,A,J,1017,1,[]
1PA,B,M,1276,1,[4749]
1FC-2C,O,H,3799,3,[]
1FM-2C,M,J,3343,6,[]
1PA,O,O,996,1,[]
1FM-0C,W,O,1982,2,[]
1PE,M,NS,162,1,[]
1PA,O,H,1501,1,[]
1FC-2C,A,NS,3844,3,[]
1FC-0C,M,C,2614,2,[]
1FM-2C,M,O,3462,6,[]
1PA,O,NS,1022,1,[]
1H-nA,O,N,3074,1,[4857]
1FL-2C,M,NS,3944,2,[]
1PA,W,H,1586,1,[1772]
1FM-0C,M,C,1956,2,[]
1H-nA,W,N,3153,3,"[5484, 3586, 1001]"
1PE,M,H,35,1,[]
1FL-2C,M,O,4015,2,[]
1PA,M,O,776,1,[]
1FC-0C,W,C,2557,2,"[4160, 6066]"
1PA,O,NS,1479,1,[]
1PA,M,H,1364,1,[]
1FC-0C,M,O,2613,2,[]
1FC-0C,W,O,2825,2,[]
1FM-0C,W,J,2042,2,[]
1PE,M,O,242,1,[]
1FM-0C,O,NS,2062,2,[]
1FM-nA,W,H,2364,3,[]
1PA,O,J,601,1,[]
1FM-nA,O,C,2436,3,[]
1FC-0C,M,C,2889,2,[]
1PA,O,C,647,1,[8685]
1FC-2C,M,J,3891,3,[]
1FM-2C,O,O,3557,4,[]
1H-nA,M,S,3203,2,"[880, 8626]"
1PA,B,NS,1529,1,[]
1PA,M,NS,1268,1,[]
1FM-0C,W,H,1900,2,"[6072, 3850]"
1H-nS,M,N,3006,3,"[10241, 8517, 2021]"
1FC-0C,O,NS,2735,2,[]
1PE,W,NS,190,1,[7232]
1FE,M,O,1807,2,[]
1PA,B,C,976,1,[2850]
1FC-0C,A,S,2748,2,[]
1FM-0C,W,O,2048,2,[]
1FC-0C,O,C,2559,2,[]
1PA,B,S,1083,1,[]
1PE,M,S,475,1,[]
1FC-0C,O,O,2905,2,[]
1FL-2C,A,O,4118,4,[]
1FM-2C,M,J,3386,3,[]
1PA,A,C,1185,1,[4364]
1FM-nA,W,J,2434,5,[]
1FM-nA,M,O,2392,3,[]
1PA,O,O,770,1,[]
1PA,A,J,1686,1,[]
1PE,W,H,131,1,[]
1FC-nA,M,N,2920,3,"[7923, 1888, 3124]"
1H-nA,W,H,3172,1,[10594]
1FM-2C,M,O,3445,3,[]
1PE,O,NS,467,1,[]
1H-nA,O,NS,3093,1,[1142]
1FC-2C,W,H,3773,6,[]
1PA,W,B,861,1,[4380]
